,COUNTY,FIPS,RPL_THEME3,RPL_THEMES,RPL_THEME4,RPL_THEME2,RPL_THEME1,Greenness,Heat_Island,LST-Max,LST-Mean,Smoke,Popultatuion
0,Ada,16001000100,0.697,0.8209,0.8788,0.2357,0.8345,28.182532796997872,1.4899654388427717,41.71000000000004,40.52506948145112,231.01914063421737,2628.0
1,Ada,16001000201,0.0505,0.0405,0.2795,0.0741,0.0709,18.368578663224035,1.4899654388427717,50.81,45.0714924295248,,2082.0
2,Ada,16001000202,0.3872,0.0169,0.064,0.1111,0.0068,16.335136377101904,1.4899654388427717,50.370000000000005,45.985883029631296,,3660.0
3,Ada,16001000302,0.6296,0.4358,0.7273,0.1515,0.2669,80.68346475163285,1.4899654388427717,42.190000000000055,41.02082328976408,226.71669781208038,2339.0
4,Ada,16001000303,0.2323,0.3007,0.5623,0.5084,0.1959,67.46612305133287,1.4899654388427717,41.49000000000001,38.42459046295495,,1381.0
5,Ada,16001000304,0.6094,0.1554,0.0976,0.1987,0.2568,71.97309207671722,1.4899654388427717,45.49000000000001,37.48227601124814,,4220.0
6,Ada,16001000400,0.6397,0.5777,0.798,0.1582,0.4155,61.26585097187668,1.4899654388427717,41.71000000000004,40.41224705720701,226.71669781208038,4175.0
7,Ada,16001000500,0.2155,0.1993,0.3367,0.2424,0.2534,86.65098076679175,1.4899654388427717,43.03000000000003,40.73943007553216,226.71669781208038,3871.0
8,Ada,16001000600,0.3805,0.0236,0.1448,0.037,0.0203,90.1949454763596,1.4899654388427717,41.870000000000005,40.251226543841696,227.72201808289316,3646.0
9,Ada,16001000701,0.0875,0.098,0.6801,0.0943,0.0169,72.92200055541124,1.4899654388427717,44.71000000000004,41.04720976458166,,3021.0
10,Ada,16001000702,0.4545,0.0135,0.0438,0.0673,0.0034,24.11575348853681,1.4899654388427717,54.97000000000003,46.65321665842501,,2111.0
11,Ada,16001000802,0.5623,0.1149,0.1919,0.165,0.0777,78.76497390077459,1.4899654388427717,42.690000000000055,41.93053240594372,233.40919715166086,3559.0
12,Ada,16001000803,0.5185,0.0439,0.1246,0.0303,0.0676,77.53727733043789,1.4899654388427717,43.190000000000055,41.70774445110977,233.40979548857945,2965.0
13,Ada,16001000804,0.4848,0.277,0.5084,0.0202,0.4122,66.07293955942676,1.4899654388427717,41.43000000000001,40.8366867847179,,3791.0
14,Ada,16001000805,0.0572,0.0,0.0236,0.0471,0.0135,83.83313850077008,1.4899654388427717,41.190000000000055,40.60067010309281,,2051.0
15,Ada,16001000900,0.734,0.6419,0.835,0.0101,0.8682,52.76110877450986,1.4899654388427717,42.170000000000016,40.481040524274455,233.40919715166086,3614.0
16,Ada,16001001000,0.6498,0.4324,0.7811,0.0337,0.3615,77.24679338409324,1.4899654388427717,43.150000000000034,40.6272857600513,230.13865698946788,3947.0
17,Ada,16001001100,0.7306,0.9595,0.9057,0.7609,0.9865,28.954058964644343,1.4899654388427717,41.71000000000004,40.80988825042068,226.71669781208038,2752.0
18,Ada,16001001201,0.2694,0.2095,0.2323,0.4781,0.2838,83.50989365594424,1.4899654388427717,41.410000000000025,41.0347986661109,226.71669781208035,2189.0
19,Ada,16001001202,0.4949,0.7196,0.8687,0.4074,0.5574,51.26929691287933,1.4899654388427717,43.85000000000002,42.28406962398756,227.11719019756723,4273.0
20,Ada,16001001400,0.7205,0.6622,0.7138,0.4108,0.4899,60.49922310239507,1.4899654388427717,43.73000000000002,42.76497673163826,231.71014925701857,3481.0
21,Ada,16001001500,0.2626,0.0878,0.2357,0.0438,0.223,70.4182686120584,1.4899654388427717,42.33000000000004,41.13133032694476,233.40919715166086,2281.0
22,Ada,16001001600,0.5993,0.4797,0.3973,0.1313,0.6993,56.32368365762785,1.4899654388427717,43.23000000000002,41.94175569921747,233.40919715166086,2820.0
23,Ada,16001001700,0.8384,0.4865,0.2121,0.0808,0.8108,62.67864963391101,1.4899654388427717,42.170000000000016,40.90259297081103,233.40919715166086,3687.0
24,Ada,16001001800,0.4983,0.3108,0.2088,0.7879,0.2736,67.11333181921427,1.4899654388427717,44.39000000000004,42.9282224404616,233.39941051608668,2915.0
25,Ada,16001001900,0.7374,0.6284,0.3401,0.6768,0.5912,59.30617069200066,1.4899654388427717,44.49000000000001,43.82532911863149,232.32370280631022,3245.0
26,Ada,16001002000,0.9596,0.9358,0.9832,0.3636,0.8074,25.997735002134213,1.4899654388427717,44.27000000000004,43.3456251244673,229.03816488855185,3846.0
27,Ada,16001002100,0.1145,0.0304,0.0303,0.101,0.2196,5.796853803453091,1.4899654388427717,54.610000000000014,47.25831976894816,233.42823374963308,1271.0
28,Ada,16001002221,0.6364,0.1081,0.1279,0.0842,0.1216,73.929594492883,1.4899654388427717,42.71000000000004,39.15982768933912,232.51835608871295,5535.0
29,Ada,16001002222,0.6667,0.0676,0.0067,0.0976,0.2061,74.91495984973639,0.0,40.71000000000004,37.14200407608697,233.01687273780485,3217.0
30,Ada,16001002223,0.4478,0.0507,0.0135,0.4444,0.0507,71.42240763122646,1.4899654388427717,44.39000000000004,42.10215739484395,,2831.0
31,Ada,16001002224,0.5286,0.2568,0.3098,0.4747,0.152,45.88414544040975,1.4899654388427717,46.83000000000004,42.25424290486142,,3691.0
32,Ada,16001002302,0.8822,0.8784,0.9562,0.3737,0.723,35.22626086221955,1.4899654388427717,44.33000000000004,43.00310864109001,230.88470130270434,5097.0
33,Ada,16001002310,0.8519,0.6926,0.5421,0.7542,0.4324,43.6097139992612,1.4899654388427717,44.89000000000004,42.53122778675288,232.1130205392839,6172.0
34,Ada,16001002312,0.7441,0.777,0.9158,0.8552,0.3682,52.87193475440807,1.4899654388427717,43.410000000000025,41.64226655863887,,3451.0
35,Ada,16001002313,0.7912,0.4459,0.6869,0.1616,0.2331,46.27116717370932,1.4899654388427717,44.33000000000004,43.794420013462016,,2659.0
36,Ada,16001002410,0.5488,0.2804,0.4613,0.7239,0.0405,66.09476308673786,1.4899654388427717,41.33000000000004,39.44930962343104,227.12003028768981,4678.0
37,Ada,16001002411,0.4108,0.1047,0.1313,0.1448,0.1588,70.75070232483931,1.4899654388427717,41.410000000000025,40.3399674664498,230.6587311694754,3455.0
38,Ada,16001002412,0.3636,0.2703,0.3805,0.6498,0.1318,50.10717782817079,1.4899654388427717,38.97000000000003,34.89148058082174,236.54330316362822,2176.0
39,Ada,16001002413,0.7172,0.5473,0.5926,0.2492,0.4392,73.6208232190083,1.4899654388427717,41.410000000000025,38.81722486315186,234.63886761623988,5489.0
40,Ada,16001010100,0.2458,0.0101,0.0168,0.1549,0.0101,17.61294324812311,1.4899654388427717,55.57000000000005,47.37935407845761,243.96940484879337,3751.0
41,Ada,16001010201,0.1751,0.0068,0.0202,0.0909,0.027,23.12907873902077,0.0,55.93000000000001,47.13727654570902,248.66916885179143,6187.0
42,Ada,16001010221,0.2862,0.1486,0.6397,0.0875,0.0541,85.86176711596427,1.4899654388427717,41.910000000000025,35.955636075171576,243.8022041512636,4055.0
43,Ada,16001010223,0.4007,0.0372,0.0842,0.1785,0.0236,66.96076929520247,1.4899654388427717,45.49000000000001,36.59784772292284,238.87074212853997,4110.0
44,Ada,16001010224,0.3434,0.0034,0.0,0.064,0.0,89.16657924124664,1.4899654388427717,43.450000000000045,39.74015930646121,,2865.0
45,Ada,16001010225,0.2963,0.1757,0.2222,0.4478,0.2027,64.63925473094159,1.4899654388427717,41.370000000000005,38.13562860404099,,5326.0
46,Ada,16001010313,0.4747,0.0642,0.0943,0.1886,0.0372,65.60366266806683,1.4899654388427717,45.01000000000005,39.01307732772228,229.52888512926478,13009.0
47,Ada,16001010321,0.6296,0.6014,0.7542,0.6061,0.2905,37.44382434925292,1.4899654388427717,44.89000000000004,42.12474293112243,232.14074486055534,4761.0
48,Ada,16001010322,0.5791,0.6824,0.4916,0.5556,0.75,46.543488583257655,1.4899654388427717,44.690000000000055,40.55135261590812,231.47306991646755,4570.0
49,Ada,16001010331,0.2593,0.0709,0.1987,0.1077,0.098,71.9724626193332,1.4899654388427717,41.01000000000005,36.09422462277357,240.5299416675216,13056.0
50,Ada,16001010332,0.4646,0.1182,0.0606,0.3468,0.1757,74.18946858220403,1.4899654388427717,42.03000000000003,40.37432513935848,243.06400370778496,7574.0
51,Ada,16001010333,0.468,0.2669,0.4377,0.4242,0.125,62.83476371371023,1.4899654388427717,42.03000000000003,39.62726124959539,238.76939053239144,7199.0
52,Ada,16001010334,0.202,0.1655,0.303,0.4209,0.1385,71.86842552470797,1.4899654388427717,42.49000000000001,39.17666826124511,,4055.0
53,Ada,16001010335,0.3704,0.0811,0.138,0.202,0.0642,79.44290854592205,1.4899654388427717,40.77000000000004,37.83836993438477,,12963.0
54,Ada,16001010401,0.229,0.3311,0.2593,0.532,0.5372,76.98204675450386,0.0,41.51000000000005,35.92819670376287,237.01721339162088,12370.0
55,Ada,16001010402,0.596,0.0946,0.0269,0.1751,0.2264,66.09029318440271,0.0,41.89000000000004,36.33989542466514,234.63651362815145,7102.0
56,Ada,16001010501,0.7138,0.3784,0.4074,0.0,0.8041,9.934663278025088,0.0,58.110000000000014,46.979539190000615,237.39257140423922,5105.0
57,Ada,16001010503,0.7811,0.2027,0.4242,0.0404,0.0946,1.1820484664535114,1.4899654388427717,58.170000000000016,49.23452020951461,,2709.0
58,Ada,16001010504,0.6465,0.2297,0.2761,0.3165,0.1149,41.43122542765376,1.4899654388427717,45.03000000000003,43.04066965730934,,4067.0
59,Adams,16003950100,0.4613,0.3953,0.2626,0.5354,0.527,96.97811987537328,0.0,44.23000000000002,29.20550846025662,333.53675277479635,1332.0
60,Adams,16003950200,0.0168,0.6149,0.6263,0.8215,0.7601,70.28058907487977,0.0,53.950000000000045,37.033010328038735,260.54492689384085,1714.0
61,Bannock,16005000200,0.1886,0.0743,0.064,0.6263,0.0574,73.31956929478012,2.7050065994262695,50.85000000000002,33.989068225131454,110.12023716581005,2976.0
62,Bannock,16005000300,0.4411,0.723,0.8451,0.5926,0.6081,51.857021564842974,2.7050065994262695,41.75000000000006,35.95391777120066,123.09535223245615,7259.0
63,Bannock,16005000400,0.5421,0.1284,0.0404,0.3838,0.2365,66.53680030003551,2.7050065994262695,45.71000000000004,40.84993953424089,123.09535223245615,4302.0
64,Bannock,16005000500,0.0673,0.0338,0.1212,0.1246,0.1182,82.18615674415726,2.7050065994262695,45.71000000000004,37.90185386309,123.13204036963216,1485.0
65,Bannock,16005000600,0.3603,0.7872,0.9798,0.4613,0.7196,14.43590989368644,2.7050065994262695,50.85000000000002,36.28391614629794,102.46325922353724,2888.0
66,Bannock,16005000700,0.6195,0.4764,0.7104,0.0236,0.6149,47.31161780388344,2.7050065994262695,33.450000000000045,31.87007382764437,102.19291859865194,3437.0
67,Bannock,16005000800,0.3906,0.7466,0.9529,0.1279,0.8412,19.268348288264374,2.7050065994262695,44.51000000000005,32.74814464218102,102.19673312711221,2191.0
68,Bannock,16005000900,0.1785,0.8243,0.7508,0.7205,0.9797,41.26414457017397,2.7050065994262695,31.83000000000004,31.7817131474104,102.19291859865194,1715.0
69,Bannock,16005001000,0.1953,0.3277,0.3131,0.2694,0.5878,45.05962332955173,2.7050065994262695,31.83000000000004,31.79117716581967,102.19291859865194,2513.0
70,Bannock,16005001101,0.5084,0.1689,0.1953,0.4848,0.0845,36.4513049162322,2.7050065994262695,41.650000000000034,33.03089268927614,104.30889114528885,5786.0
71,Bannock,16005001102,0.6566,0.5878,0.5455,0.3939,0.5135,25.804349490343743,2.7050065994262695,39.53000000000003,33.62536616202549,102.19291859865194,2946.0
72,Bannock,16005001200,0.2088,0.4291,0.1886,0.771,0.7095,30.70446681975042,2.7050065994262695,41.650000000000034,40.02413067689644,108.43013297188695,2375.0
73,Bannock,16005001300,0.5253,0.6182,0.4646,0.2593,0.8209,43.30221028880137,2.7050065994262695,41.610000000000014,33.23114109914699,102.19291859865194,2223.0
74,Bannock,16005001400,0.5892,0.7128,0.4377,0.7273,0.7466,30.475793873044022,2.7050065994262695,44.51000000000005,40.354234687714,106.66456634864399,3582.0
75,Bannock,16005001500,0.4141,0.9189,0.899,0.9865,0.8953,44.666092208959824,2.7050065994262695,45.05000000000001,43.08534963716893,119.05554001551137,4182.0
76,Bannock,16005001601,0.2828,0.7297,0.9596,0.3401,0.6791,19.61517790248368,2.7050065994262695,44.51000000000005,42.69667225481981,102.19291859865194,2018.0
77,Bannock,16005001602,0.5017,0.5101,0.3434,0.7677,0.5236,42.31659400698394,2.7050065994262695,44.51000000000005,43.42122850503491,102.37794038344038,3019.0
78,Bannock,16005001603,0.3266,0.7027,0.9461,0.266,0.6385,22.083318584792284,2.7050065994262695,43.47000000000003,38.728170714858166,102.20674622392488,2083.0
79,Bannock,16005001700,0.064,0.0473,0.1549,0.2862,0.0473,59.07904599004476,0.0,43.01000000000005,38.06164845509012,102.85389074052782,2708.0
80,Bannock,16005001900,0.1212,0.4628,0.5488,0.8956,0.4054,77.74997740447594,0.0,49.53000000000003,36.03043094302061,113.96884982447799,4016.0
81,Bannock,16005940000,0.6768,0.7905,0.4175,0.7811,0.9189,57.91184518102681,2.7050065994262695,55.610000000000014,34.72549168716077,,1642.0
82,Bannock,16005981800,0.0101,0.0203,0.0471,0.229,0.1115,83.80821545161197,2.7050065994262695,48.21000000000004,34.35826774321933,,253.0
83,Bear Lake,16007950100,0.3333,0.5,0.6902,0.6869,0.375,69.77861782977268,0.0,48.43000000000001,36.19478685572043,72.40869016822533,3175.0
84,Bear Lake,16007950200,0.0606,0.0912,0.0875,0.4579,0.1926,88.13651533021563,0.0,43.870000000000005,33.29346520295922,76.48205990844444,2349.0
85,Benewah,16009940000,0.5387,0.848,0.7609,0.9192,0.8311,86.71878986458952,0.0,48.55000000000001,38.49322876176695,,3834.0
86,Benewah,16009950100,0.1178,0.7568,0.9663,0.7643,0.7027,94.40422813415682,0.0,44.75000000000006,35.76100888437522,347.1002910411881,4104.0
87,Bingham,16011940000,0.8182,0.9527,0.6364,0.9394,0.9932,53.35856258765895,0.0,55.610000000000014,37.9951808478633,,2279.0
88,Bingham,16011950100,0.5758,0.3851,0.2963,0.2222,0.5203,87.48634955258309,0.0,46.35000000000002,33.55106477653506,144.46528338490754,6344.0
89,Bingham,16011950200,0.2727,0.375,0.367,0.7946,0.3378,87.45487049481758,0.0,50.51000000000005,34.64702878025101,132.89876887853677,3018.0
90,Bingham,16011950300,0.936,0.8547,0.633,0.9057,0.6588,31.249736766454795,0.0,53.690000000000055,40.0352645517422,136.7759911157805,4631.0
91,Bingham,16011950400,0.6431,0.5034,0.5387,0.4646,0.3547,83.31099745151829,0.0,40.29000000000002,29.833205546609687,120.9877302985941,5356.0
92,Bingham,16011950500,0.862,0.9088,0.8653,0.8418,0.7331,78.70108899341109,0.0,38.01000000000005,28.96481415492976,121.78539265799404,6029.0
93,Bingham,16011950600,0.8687,0.625,0.4781,0.1684,0.6486,82.76875425666519,0.0,40.59000000000003,31.702213979905828,124.85025069382563,4268.0
94,Bingham,16011950700,0.7879,0.5642,0.1044,0.9024,0.625,87.58480417682158,0.0,37.75000000000006,31.103075534435654,142.14120908963588,3755.0
95,Blaine,16013960100,0.7609,0.3581,0.3468,0.3872,0.1791,11.390284722109168,0.0,53.690000000000055,39.623289841315376,178.23622306957932,3813.0
96,Blaine,16013960200,0.899,0.4527,0.2256,0.3569,0.4088,33.09110239512156,0.0,41.63000000000005,32.94093228590199,182.85965518404848,7571.0
97,Blaine,16013960300,0.5354,0.1791,0.5657,0.0572,0.0439,38.19073926340101,0.0,42.73000000000002,29.39221016300296,201.86136647403092,2768.0
98,Blaine,16013960500,0.7946,0.3378,0.5791,0.1414,0.1351,44.15383258746024,0.0,39.150000000000034,30.30719016675469,209.27213096573325,2182.0
99,Boise,16015950200,0.1919,0.348,0.4579,0.4512,0.3919,78.16783636340982,0.0,65.17000000000002,32.9377113492543,392.17027057614456,5755.0
100,Bonner,16017950100,0.0774,0.3142,0.2559,0.8519,0.4628,83.98170352020342,0.0,37.150000000000034,24.26261863504988,342.8092539627591,1837.0
101,Bonner,16017950200,0.1852,0.4122,0.8148,0.569,0.1993,91.55054333378766,0.0,38.670000000000016,29.30359188077517,302.90600227933123,6578.0
102,Bonner,16017950300,0.1044,0.5743,0.9091,0.3064,0.5473,23.023452756186085,0.0,33.05000000000001,27.195450326935244,305.78041848327666,2733.0
103,Bonner,16017950400,0.0303,0.5203,0.9226,0.7037,0.3412,87.9283730560815,0.0,37.25000000000006,28.99258844189937,303.19769191227186,5303.0
104,Bonner,16017950500,0.1684,0.6318,0.6566,0.5825,0.7872,74.6159010215259,0.0,39.09000000000003,33.33064361838942,330.6032226537447,2577.0
105,Bonner,16017950600,0.0438,0.2838,0.33,0.7744,0.3885,88.69004995770997,0.0,40.35000000000002,28.18054620042541,320.21174405026227,1505.0
106,Bonner,16017950700,0.0404,0.6892,0.7374,0.899,0.7736,61.60257331519695,0.0,44.910000000000025,34.12582304293134,325.2335768033162,3454.0
107,Bonner,16017950800,0.0943,0.2939,0.1785,0.3232,0.7432,69.831037396647,0.0,40.63000000000005,32.462101445669305,307.1057749648155,4487.0
108,Bonner,16017950900,0.101,0.1588,0.1515,0.8788,0.1655,61.95994631682362,0.0,36.97000000000003,25.117567058124465,303.12700607396073,3273.0
109,Bonneville,16019970100,0.1313,0.0608,0.1077,0.2929,0.1081,82.3170820310275,0.0,73.69000000000005,32.0827559165201,123.18908310055606,3521.0
110,Bonneville,16019970300,0.2357,0.1453,0.202,0.2391,0.2804,91.59809552170402,0.0,40.77000000000004,31.08945176416073,131.69699409378956,4268.0
111,Bonneville,16019970401,0.404,0.125,0.1818,0.1481,0.2162,74.22085805562656,0.0,37.73000000000002,32.43818437247993,124.236784436354,1581.0
112,Bonneville,16019970402,0.1111,0.1892,0.2391,0.5152,0.2872,86.71316930259013,0.0,38.31,30.90371921925636,121.34113825838578,2435.0
113,Bonneville,16019970403,0.8653,0.5709,0.4175,0.2761,0.4932,65.8085560732885,0.0,38.63000000000005,34.917111973581235,121.91896685108918,7037.0
114,Bonneville,16019970501,0.5724,0.3446,0.6465,0.4141,0.0811,84.30167245792327,0.0,40.31,30.882384116963024,114.93655747921444,5212.0
115,Bonneville,16019970502,0.3737,0.25,0.2862,0.6599,0.1723,73.89103098426986,1.596877098083496,40.31,36.73351635473757,114.85044896602624,3476.0
116,Bonneville,16019970503,0.1515,0.1419,0.4276,0.2626,0.1047,80.97798634739507,0.0,44.450000000000045,35.14835272896169,120.33673624258049,3188.0
117,Bonneville,16019970601,0.5657,0.3682,0.0034,0.9933,0.5743,57.336547901624336,1.596877098083496,38.09000000000003,34.3682056289489,123.76805371046069,1949.0
118,Bonneville,16019970602,0.6599,0.7365,0.3939,0.9259,0.6926,45.40771489318615,1.596877098083496,36.610000000000014,34.5667373687549,120.22609817163922,3739.0
119,Bonneville,16019970603,0.3939,0.2128,0.3569,0.4815,0.0878,45.963876732127865,1.596877098083496,37.13000000000005,31.023951459725644,115.76313440022643,1430.0
120,Bonneville,16019970700,0.9057,0.9459,0.9024,0.7138,0.9223,28.400819006012316,1.596877098083496,38.09000000000003,36.76065787946992,124.72723969928892,3721.0
121,Bonneville,16019970800,0.303,0.6453,0.771,0.8148,0.5068,65.80288014605445,1.596877098083496,37.25000000000006,35.24581693257256,127.65394290844884,2589.0
122,Bonneville,16019970900,0.1549,0.0541,0.0101,0.8249,0.0743,61.04936658208784,1.596877098083496,34.27000000000004,30.53171870829997,132.66280536780604,3105.0
123,Bonneville,16019971000,0.6162,0.7061,0.6532,0.6094,0.598,51.70478563141362,1.596877098083496,34.27000000000004,30.29425888572025,135.14983640509374,3210.0
124,Bonneville,16019971100,0.5455,0.7331,0.6027,0.6566,0.7804,56.491815828117154,1.596877098083496,37.25000000000006,35.40518258569834,134.21046864874765,2381.0
125,Bonneville,16019971200,0.8114,0.9223,0.8586,0.6532,0.9426,37.70812418461369,1.596877098083496,36.99000000000001,35.28724792085665,133.68227704919562,3181.0
126,Bonneville,16019971301,0.6835,0.5236,0.3838,0.8855,0.3007,62.48739695355701,1.596877098083496,36.73000000000002,34.05118820509203,134.5496378369413,4604.0
127,Bonneville,16019971302,0.8114,0.7432,0.7643,0.9428,0.277,69.77615579574932,1.596877098083496,35.83000000000004,33.58332206955915,135.00623464584348,3554.0
128,Bonneville,16019971400,0.6263,0.1858,0.1582,0.2963,0.1453,76.73316147840288,1.596877098083496,42.59000000000003,31.454823721917048,137.09627834191625,6028.0
129,Bonneville,16019971500,0.6869,0.7095,0.6061,0.4276,0.6655,39.6698208621627,0.0,47.53000000000003,37.598743325468654,138.2300921871696,1216.0
130,Boundary,16021970100,0.3367,0.527,0.7037,0.5589,0.4459,97.5991723741066,0.0,50.33000000000004,28.093212587048694,310.0224110643934,4360.0
131,Boundary,16021970200,0.4209,0.7264,0.8721,0.8047,0.4797,87.64332948697981,0.0,41.57000000000005,24.887449741604616,308.9684574104348,4114.0
132,Butte,16023970100,0.1987,0.4696,0.5859,0.5286,0.5304,12.11569568353296,0.0,52.13000000000005,36.11285490519085,172.85191685938304,2545.0
133,Camas,16025970100,0.4916,0.4831,0.2492,0.9226,0.4865,46.46852196233775,0.0,44.13000000000005,35.459678931469966,170.48113898744225,851.0
134,Canyon,16027020100,0.7542,0.8885,0.7677,0.4916,0.9561,16.16960310282454,1.6671037673950195,43.29000000000002,42.87994860943169,193.64181283116346,591.0
135,Canyon,16027020200,0.9226,0.9966,0.936,0.9562,0.9966,58.16864837727224,1.6671037673950195,44.450000000000045,41.36955189321708,193.6418128311635,2439.0
136,Canyon,16027020300,0.8418,0.9155,0.5825,0.8687,0.9662,64.19273205259421,1.6671037673950195,44.53000000000003,42.61951084490428,193.6418128311635,2518.0
137,Canyon,16027020401,0.8552,0.8649,0.3502,0.798,0.9764,43.39423772413454,1.6671037673950195,46.170000000000016,42.678880686136175,,5330.0
138,Canyon,16027020402,0.798,0.7973,0.3333,0.8114,0.9155,62.87073142908809,1.6671037673950195,44.53000000000003,42.418439448328,,3343.0
139,Canyon,16027020501,0.6734,0.3986,0.0741,0.3906,0.6757,79.12615041368394,1.6671037673950195,44.09000000000003,41.50535150452027,,2241.0
140,Canyon,16027020503,0.5589,0.8986,0.8519,0.936,0.8716,67.04561581947627,1.6671037673950195,42.75000000000006,40.58688192008803,,1867.0
141,Canyon,16027020504,0.7609,0.9628,0.9731,0.8182,0.9358,68.58128108576146,1.6671037673950195,41.81,40.96927505925,,3405.0
142,Canyon,16027020601,0.8047,0.5845,0.1481,0.5387,0.7905,74.14029548753491,1.6671037673950195,44.170000000000016,42.31678617157492,,3002.0
143,Canyon,16027020602,0.8586,0.9426,0.6734,0.9529,0.9595,62.00973966517338,1.6671037673950195,46.170000000000016,43.57650343708968,,4237.0
144,Canyon,16027020700,0.7071,0.3547,0.0909,0.5455,0.4764,72.9942860851406,0.0,45.49000000000001,39.34930051773906,208.27852321627563,2159.0
145,Canyon,16027020901,0.7273,0.6486,0.5354,0.2896,0.6622,78.22106029456106,0.0,44.09000000000003,39.350840656994784,,7742.0
146,Canyon,16027020902,0.6801,0.2601,0.0774,0.3502,0.3784,54.528908912196286,1.6671037673950195,43.410000000000025,37.1035720529222,,8464.0
147,Canyon,16027021001,0.9192,0.7703,0.2997,0.7104,0.8818,75.13554966378989,0.0,43.83000000000004,38.33298972065748,,7298.0
148,Canyon,16027021002,0.9091,0.8953,0.8822,0.6094,0.7534,58.798704726479976,1.6671037673950195,46.170000000000016,42.41154883768685,,5328.0
149,Canyon,16027021100,0.569,0.4392,0.5017,0.2795,0.3851,79.88429990960387,2.2766103744506836,45.410000000000025,37.925742595182776,218.05508758254322,9732.0
150,Canyon,16027021200,0.9461,0.8818,0.4949,0.5488,0.9696,52.4449977890315,2.2766103744506836,46.110000000000014,39.04024009364651,221.45084642854454,4291.0
151,Canyon,16027021300,0.9832,1.0,1.0,0.8653,1.0,34.3721668054057,2.2766103744506836,42.670000000000016,38.06906962602617,221.19646315126025,2099.0
152,Canyon,16027021500,0.6599,0.9493,0.8956,0.7845,0.9831,62.28652775118421,2.2766103744506836,40.01000000000005,37.94192970285586,220.2323286767383,3093.0
153,Canyon,16027021600,0.7239,0.9257,0.6599,0.9697,0.9493,58.66645401158637,2.2766103744506836,39.43000000000001,35.69724436319317,219.8863735057668,2414.0
154,Canyon,16027021700,0.9731,0.9696,0.9327,0.7306,0.9291,63.82771864440193,2.2766103744506836,46.110000000000014,37.772143697990735,223.9110309629218,6239.0
155,Canyon,16027021800,0.7744,0.4662,0.3064,0.4343,0.4426,72.30390096380626,2.2766103744506836,44.01000000000005,35.55083308905205,223.8149828703649,3422.0
156,Canyon,16027021901,0.5859,0.5338,0.229,0.5185,0.7703,77.3354970838713,0.0,40.05000000000001,36.083979176677886,220.61043024010073,3005.0
157,Canyon,16027021903,0.3805,0.2061,0.2189,0.1953,0.3277,56.90667732647987,2.2766103744506836,55.910000000000025,41.2050097852657,,5429.0
158,Canyon,16027021904,0.963,0.9324,0.569,0.7441,0.9899,76.90599054776698,2.2766103744506836,54.13000000000005,39.94387597066704,,2362.0
159,Canyon,16027022100,0.8889,0.9054,0.8552,0.5522,0.875,82.97203797797764,0.0,43.29000000000002,35.62172621716358,218.73114175555622,2847.0
160,Canyon,16027022200,0.9529,0.8412,0.3771,0.8721,0.8514,84.93056832579822,0.0,44.33000000000004,38.35005245600545,215.78085164637136,2795.0
161,Canyon,16027022300,0.835,0.6115,0.3906,0.3367,0.5676,66.8176265607668,0.0,50.450000000000045,36.8893775839355,220.5325256833263,3735.0
162,Canyon,16027022400,0.67,0.4966,0.1347,0.6599,0.6959,77.34799071628112,0.0,42.59000000000003,35.6570943615246,237.30141017132235,2682.0
163,Caribou,16029960100,0.5219,0.4493,0.6498,0.5859,0.2095,92.24123969440524,0.0,50.73000000000002,34.01566260368956,99.68492445365132,3587.0
164,Caribou,16029960200,0.1616,0.2736,0.532,0.5017,0.1689,92.55139994011812,0.0,43.610000000000014,32.386178641101175,94.75170119094238,2626.0
165,Cassia,16031950100,0.7104,0.4561,0.2694,0.2189,0.6182,36.18775789815266,0.0,56.950000000000045,40.67163100657539,122.46230719128442,2402.0
166,Cassia,16031950200,0.8215,0.5912,0.4714,0.633,0.3649,90.31605625962789,0.0,43.690000000000055,31.49939886960729,150.64365065041366,2661.0
167,Cassia,16031950300,0.8754,0.7669,0.5253,0.734,0.6351,94.0893159363479,2.7636785507202166,37.77000000000004,29.073840632943607,153.7079839154003,3946.0
168,Cassia,16031950400,0.9899,0.9899,0.9899,0.7172,0.8784,56.1012465050519,2.7636785507202166,36.110000000000014,32.06024348310951,176.91622179551524,3557.0
169,Cassia,16031950500,0.6027,0.7162,0.7744,0.5219,0.5541,85.57775578026808,2.7636785507202166,37.77000000000004,31.42036789109705,157.64334610191415,4216.0
170,Cassia,16031950600,0.9764,0.8074,0.5892,0.6734,0.652,43.26796204972349,0.0,47.63000000000005,36.40083575087085,134.53437167331893,1990.0
171,Clark,16033950100,0.9966,0.9831,0.9764,0.7374,0.902,30.374405960437837,0.0,48.670000000000016,34.945276636801935,182.45001267350372,865.0
172,Clearwater,16035940000,0.2862,0.7601,0.8923,0.7003,0.7162,90.12828604822808,0.0,48.110000000000014,40.02361374393518,,5234.0
173,Clearwater,16035970100,0.0337,0.2196,0.2054,0.5657,0.4595,98.07389992485037,0.0,45.77000000000004,30.57111423674347,403.68230329416593,2624.0
174,Custer,16037960200,0.3199,0.4899,0.6162,0.6936,0.3986,21.682607768613536,0.0,50.13000000000005,30.70397800033379,,3741.0
175,Elmore,16039960100,0.8418,0.9561,0.8013,0.9798,0.9122,50.77230594849665,0.0,51.39000000000004,36.74172379920815,,2590.0
176,Elmore,16039960200,0.7677,0.5608,0.3165,0.303,0.6318,14.421878816786627,0.7762603759765625,57.35000000000002,44.90674771545142,,8206.0
177,Elmore,16039960300,0.7845,0.875,0.7912,0.3973,0.9324,6.821537673636731,0.7762603759765625,49.71000000000004,44.65309278913318,,3614.0
178,Elmore,16039960400,0.8923,0.6554,0.4141,0.3535,0.6216,18.904531422788924,0.7762603759765625,59.450000000000045,46.381599982933565,,7632.0
179,Elmore,16039960500,0.697,0.2162,0.0707,0.2054,0.3716,6.262199001942714,0.0,57.23000000000002,49.89734696131087,,3011.0
180,Franklin,16041970100,0.4141,0.6047,0.6128,0.8283,0.4493,81.25338004737932,0.0,47.35000000000002,36.28462203279054,85.04904771347353,4659.0
181,Franklin,16041970200,0.431,0.2331,0.0539,0.6195,0.4291,94.01615337109746,0.0,46.950000000000045,34.209191679195456,79.84952899532496,5274.0
182,Fremont,16043970100,0.0269,0.1351,0.3603,0.6397,0.0912,67.54561616089497,0.0,48.21000000000004,32.398056841682205,165.22272323146487,1159.0
183,Fremont,16043970200,0.7542,0.8851,0.7003,0.9293,0.8581,88.8510920240003,0.0,45.27000000000004,33.698040003773094,151.9887265841737,2832.0
184,Fremont,16043970300,0.6498,0.5676,0.7879,0.1178,0.4527,82.59345608099197,0.0,46.110000000000014,36.32589034797648,165.31530602653524,6174.0
185,Gem,16045960100,0.2997,0.2466,0.1684,0.596,0.3818,34.91393492605636,0.0,56.650000000000034,43.6750795531764,277.86898480858645,3427.0
186,Gem,16045960200,0.4444,0.8311,0.5152,0.9091,0.9527,46.93248521181823,0.0,56.47000000000003,44.09111545617386,252.08283932728543,4351.0
187,Gem,16045960300,0.5825,0.902,0.8215,0.9731,0.8243,64.6493691463454,0.0,49.610000000000014,37.96813435625953,268.92920742245025,5409.0
188,Gooding,16047960100,0.9293,0.8378,0.734,0.5623,0.7264,19.555279700510397,0.0,48.09000000000003,40.94519892694931,162.91337278428458,5982.0
189,Gooding,16047960200,0.9428,0.8345,0.7576,0.7542,0.6047,65.46598576314618,0.0,46.53000000000003,35.84171127984612,160.8643427294994,6331.0
190,Idaho,16049940000,0.4714,0.8108,0.6768,0.8586,0.8649,86.81730741148779,0.0,58.170000000000016,42.49894844539622,,3481.0
191,Idaho,16049960100,0.5152,0.6757,0.4343,0.5253,0.8615,89.02158665748526,0.0,48.190000000000055,28.270345022118057,389.15149611929775,1711.0
192,Idaho,16049960200,0.2458,0.7399,0.9125,0.8316,0.5709,89.4705054694461,0.0,53.31,38.89295723404926,437.0495736531361,5251.0
193,Idaho,16049960300,0.3131,0.3243,0.3266,0.2525,0.5338,74.15579131233498,0.0,55.47000000000003,43.286553832301976,390.40764254088924,1772.0
194,Idaho,16049960400,0.3232,0.473,0.6835,0.4714,0.402,85.5748553443371,0.0,49.21000000000004,29.455068587662403,464.9398243650097,1122.0
195,Jefferson,16051960100,0.9024,0.6791,0.1717,0.8889,0.6689,33.953247549315776,0.0,50.97000000000003,38.06209105603682,191.25496874424343,2516.0
196,Jefferson,16051960200,0.3266,0.1622,0.1145,0.2997,0.3108,87.87490995472335,0.0,40.29000000000002,29.244818542110966,154.7757302369895,2650.0
197,Jefferson,16051960300,0.5051,0.3885,0.2155,0.5724,0.5101,82.99751901327198,0.0,42.21000000000004,32.28091924225875,141.45854910501734,4485.0
198,Jefferson,16051960400,0.5286,0.5507,0.6431,0.4377,0.4561,85.48767070680888,0.0,42.21000000000004,35.42107199593197,144.2493556008369,6884.0
199,Jerome,16053970100,0.963,0.598,0.4545,0.1044,0.6115,42.41229134208149,0.0,47.370000000000005,38.03546860863349,141.3905898471507,2173.0
200,Jerome,16053970200,0.9865,0.8514,0.9697,0.1212,0.7128,74.82610983327451,0.0,44.75000000000006,33.15875158886197,156.7459528678807,3049.0
201,Jerome,16053970300,0.8485,0.8176,0.596,0.6162,0.8007,88.17745580937093,0.0,35.85000000000002,32.34345571450311,161.4442541142217,3568.0
202,Jerome,16053970400,1.0,0.8615,0.6229,0.6195,0.8277,56.90579616100144,0.0,35.97000000000003,35.599408510387846,136.90262333731025,2284.0
203,Jerome,16053970500,0.9091,0.8007,0.4444,0.7778,0.7838,64.82241782752362,1.5130805969238281,45.55000000000001,34.42410544903257,131.39650627538077,4925.0
204,Kootenai,16055000100,0.1212,0.1824,0.2424,0.1919,0.4189,56.53769430148186,0.0,47.21000000000004,33.17311973495112,306.3461271664414,4188.0
205,Kootenai,16055000200,0.0976,0.223,0.3872,0.2088,0.3581,82.55337209241063,2.01821231842041,47.21000000000004,32.70453761918903,290.7611746461594,5905.0
206,Kootenai,16055000301,0.1717,0.3412,0.4983,0.5791,0.3041,52.480983304939386,0.0,44.910000000000025,34.643456135582824,,3640.0
207,Kootenai,16055000302,0.1582,0.5135,0.3737,0.8754,0.6554,65.98177936334724,0.0,41.870000000000005,32.47489965874238,,4265.0
208,Kootenai,16055000401,0.367,0.6351,0.8384,0.3333,0.6014,56.41763746202062,1.058462142944336,46.23000000000002,37.37002890396767,,3886.0
209,Kootenai,16055000402,0.1818,0.4155,0.5556,0.7071,0.3345,19.524161264946297,1.058462142944336,46.23000000000002,41.93007291981855,,4849.0
210,Kootenai,16055000500,0.1481,0.5405,0.7475,0.9461,0.2939,11.018995371835048,1.058462142944336,44.99000000000001,39.07721447963806,269.42861269688973,7737.0
211,Kootenai,16055000601,0.0909,0.0777,0.0505,0.2256,0.3142,20.236119889401383,2.01821231842041,49.650000000000034,42.08215802992628,,2993.0
212,Kootenai,16055000602,0.4545,0.6588,0.67,0.5758,0.6284,8.646985069655784,1.058462142944336,44.99000000000001,40.7355686870392,,4125.0
213,Kootenai,16055000700,0.431,0.2635,0.2727,0.2727,0.3446,28.47906781529735,2.01821231842041,49.650000000000034,42.038966553074985,284.1090851835278,11362.0
214,Kootenai,16055000800,0.2559,0.2534,0.4747,0.4007,0.1858,26.270407510175502,2.01821231842041,47.190000000000055,41.25464567455538,263.90137533520385,2785.0
215,Kootenai,16055000900,0.3064,0.9797,0.9966,0.9596,0.9392,17.706833983757544,2.01821231842041,43.01000000000005,40.159049724893336,276.8232588220616,3454.0
216,Kootenai,16055001001,0.0236,0.2399,0.5286,0.6431,0.1892,56.22971223322048,2.01821231842041,47.57000000000005,42.93126317744856,,3924.0
217,Kootenai,16055001002,0.2054,0.152,0.037,0.8485,0.2703,65.06188772260593,2.01821231842041,45.35000000000002,40.64477188655976,,2722.0
218,Kootenai,16055001100,0.3502,0.0574,0.0337,0.4175,0.0608,84.14226841661005,2.01821231842041,42.05000000000001,40.04699753573193,300.6086012091339,1401.0
219,Kootenai,16055001200,0.0539,0.652,0.862,0.6364,0.6892,43.396900667748106,2.01821231842041,43.01000000000005,41.69823806916309,300.9134517215848,4295.0
220,Kootenai,16055001300,0.2256,0.7534,0.6936,0.8384,0.8446,37.364339664148815,2.01821231842041,42.01000000000005,40.98484161175876,297.12254387026235,2512.0
221,Kootenai,16055001400,0.4512,0.2264,0.5758,0.0539,0.1824,24.74997618992003,2.01821231842041,39.650000000000034,28.75899560702883,295.76442101597786,1808.0
222,Kootenai,16055001500,0.1448,0.2872,0.4108,0.1347,0.5845,62.777661553099264,2.01821231842041,40.190000000000055,38.77214666930228,295.76442101597786,2218.0
223,Kootenai,16055001600,0.2458,0.5541,0.8485,0.1717,0.5946,45.399500270277485,0.0,38.950000000000045,32.89276363636369,295.76442101597786,1759.0
224,Kootenai,16055001700,0.1077,0.1723,0.404,0.229,0.2128,87.58969354453002,2.01821231842041,42.01000000000005,33.89054582820685,301.7296426219859,2825.0
225,Kootenai,16055001800,0.1414,0.0845,0.165,0.3434,0.1014,82.46160718519889,2.01821231842041,42.29000000000002,30.882954084959625,300.1436985703929,5385.0
226,Kootenai,16055001900,0.2424,0.2905,0.5051,0.5051,0.2297,91.7864180611643,0.0,41.670000000000016,30.685988367550785,305.49502084754397,1752.0
227,Kootenai,16055002000,0.3131,0.027,0.1077,0.0505,0.0304,78.0122154329437,2.01821231842041,43.13000000000005,33.512144203868885,284.3209905728701,2189.0
228,Kootenai,16055940000,0.4074,0.3818,0.2929,0.5993,0.4257,71.16586505988222,0.0,46.23000000000002,38.76693798270322,,1516.0
229,Latah,16057005100,0.4242,0.4257,0.8114,0.0135,0.6858,91.93678513250308,0.0,45.79000000000002,43.21530692374545,411.94135277080716,6256.0
230,Latah,16057005200,0.4377,0.3615,0.6094,0.138,0.348,96.6622741078244,0.0,45.01000000000005,39.81848960895762,406.0091349945213,4925.0
231,Latah,16057005300,0.2189,0.3209,0.7441,0.0606,0.3953,94.01259971271269,0.0,47.190000000000055,43.9667546623933,413.47960314947414,5293.0
232,Latah,16057005400,0.4815,0.5304,0.8855,0.0034,0.8378,95.32900910765504,0.0,45.650000000000034,43.56917404379469,413.8167983917419,5303.0
233,Latah,16057005500,0.0135,0.3514,0.6296,0.8822,0.2399,94.70823050382002,0.0,48.23000000000002,38.13760654169413,357.76993001792056,3060.0
234,Latah,16057005600,0.2222,0.1926,0.1751,0.6027,0.2432,95.907473727574,0.0,48.650000000000034,38.11639385970756,398.3568388227483,2789.0
235,Latah,16057005700,0.266,0.4088,0.468,0.404,0.4966,92.65991442519658,0.0,49.950000000000045,43.09673295501166,448.8448175462807,2393.0
236,Lemhi,16059970100,0.0808,0.2973,0.3704,0.3266,0.5439,64.65628040062862,0.0,50.39000000000004,31.13122794216604,,2204.0
237,Lemhi,16059970200,0.165,0.6959,0.9293,0.6667,0.5642,59.24180829912207,0.0,53.25000000000006,33.1799522318128,,2579.0
238,Lemhi,16059970300,0.2862,0.4932,0.7205,0.4545,0.4662,27.75832614748679,0.0,51.33000000000004,31.391411018626,,2035.0
239,Lewis,16061940001,0.5522,0.9122,0.936,0.862,0.8919,86.90003624205545,0.0,49.410000000000025,43.538365933137946,,1458.0
240,Lewis,16061940002,0.3569,0.402,0.5185,0.7508,0.2601,94.86323391464512,0.0,49.49000000000001,41.15430538693967,,1760.0
241,Lewis,16061950300,0.0,-999.0,0.0572,0.4646,-999.0,85.2764440851678,0.0,47.57000000000005,32.896235868775804,422.7560253585292,31.0
242,Lincoln,16063950100,0.9461,0.7939,0.7239,0.431,0.6824,12.099080896381336,0.0,47.910000000000025,40.27272064101468,169.6890005758003,3549.0
243,Madison,16065950100,0.4276,0.2365,0.2458,0.1145,0.4696,64.53749113911046,0.0,48.73000000000002,37.86033266386902,172.75158100810532,4066.0
244,Madison,16065950200,0.5926,0.7736,0.9933,0.0269,0.8176,43.84812013704066,0.0,37.71000000000004,36.12967126890205,171.1002043968642,2077.0
245,Madison,16065950301,0.5118,0.5946,0.9192,0.0067,0.8885,38.164721055677866,0.0,36.31,35.63272159800249,172.84258687018172,3792.0
246,Madison,16065950302,0.3367,0.4054,0.7407,0.0168,0.7635,60.35765272046704,0.0,38.01000000000005,34.89210802080052,164.33980196173363,6699.0
247,Madison,16065950400,0.3098,0.4189,0.5724,0.0707,0.6419,88.03202034254737,0.0,43.83000000000004,31.748005814518397,170.8140736006332,4027.0
248,Madison,16065950500,0.2121,0.1115,0.2525,0.0774,0.2466,93.62650317080676,0.0,43.23000000000002,33.377794625064745,157.8282500103183,3356.0
249,Minidoka,16067970100,0.936,0.5574,0.1616,0.3771,0.6723,86.24320794620944,0.0,43.47000000000003,31.424427769753056,,2887.0
250,Minidoka,16067970200,0.9259,0.75,0.4007,0.697,0.6453,88.64200234859982,2.7636785507202166,35.31,30.237789699239013,,4839.0
251,Minidoka,16067970300,0.8956,0.5068,0.5589,0.1818,0.3243,30.73707346901139,0.0,54.950000000000045,39.12800723197673,,2527.0
252,Minidoka,16067970400,0.9158,0.9764,0.8754,1.0,0.7669,89.18576172634684,0.0,43.27000000000004,36.40314021754798,,3725.0
253,Minidoka,16067970500,0.9933,0.8142,0.6667,0.33,0.7568,91.61988388609429,0.0,43.27000000000004,34.57838015806313,,3589.0
254,Nez Perce,16069940000,0.6936,0.8919,0.7778,0.9663,0.777,78.53852839454672,0.0,52.99000000000001,42.51537943623168,,3785.0
255,Nez Perce,16069960200,0.1347,0.1014,0.1178,0.4983,0.1486,91.57519466157666,0.0,49.370000000000005,43.94562603962647,,288.0
256,Nez Perce,16069960300,0.2391,0.8041,0.8418,0.6902,0.9088,52.889347475309854,0.6788072586059553,54.950000000000045,47.02521552237308,,4143.0
257,Nez Perce,16069960400,0.5556,0.3919,0.4815,0.3199,0.3074,44.683809880286326,0.6788072586059553,47.170000000000016,43.53021658841943,,2756.0
258,Nez Perce,16069960500,0.0741,0.4223,0.697,0.7407,0.3176,42.262192306376,0.6788072586059553,47.83000000000004,44.86692055179958,,2992.0
259,Nez Perce,16069960600,0.138,0.6993,0.9428,0.9764,0.3311,29.245264405940546,0.6788072586059553,47.31,45.412820545995615,,4220.0
260,Nez Perce,16069960700,0.0471,0.1318,0.3199,0.3603,0.1622,53.27191994018972,0.6788072586059553,55.47000000000003,42.53126200495121,,4417.0
261,Nez Perce,16069960800,0.3535,0.3041,0.6195,0.367,0.1554,37.3246568866921,0.0,52.85000000000002,48.58502338510413,,3002.0
262,Nez Perce,16069960900,0.2795,0.6723,0.8182,0.963,0.3514,57.41639592656218,0.0,47.23000000000002,45.655878704341816,,2509.0
263,Nez Perce,16069961000,0.037,0.1216,0.1852,0.8013,0.1284,39.843749999999936,0.6788072586059553,50.610000000000014,46.93276794881939,,4419.0
264,Oneida,16071960100,0.3973,0.6081,0.5993,0.67,0.5507,58.53347553776671,0.0,56.31,42.553076869218216,107.95011215094674,3494.0
265,Owyhee,16073950101,0.9697,0.9932,0.9495,0.9495,0.9628,81.24439975529226,0.0,52.870000000000005,36.1108152623555,210.28652809628664,3306.0
266,Owyhee,16073950102,0.8855,0.9662,0.7071,0.9899,0.9459,69.17560467745314,0.0,53.31,39.495531389401606,215.5745071167496,2674.0
267,Owyhee,16073950200,0.8788,0.8446,0.8081,0.2559,0.8547,10.18085989666886,0.0,56.75000000000006,44.03009932325449,178.28271954236138,3096.0
268,Payette,16075960100,0.8283,0.8581,0.8889,0.3771,0.7939,12.748268204745674,0.0,55.03000000000003,46.914430253244994,,4941.0
269,Payette,16075960200,0.8081,0.9291,0.7845,0.7912,0.973,84.10342692241709,3.1024904251098633,42.370000000000005,35.24700356165794,,2634.0
270,Payette,16075960300,0.7407,0.6655,0.4848,0.6801,0.5405,54.45305556380167,3.1024904251098633,54.13000000000005,39.50708816731775,,6171.0
271,Payette,16075960400,0.3771,0.6216,0.4478,0.6296,0.7365,54.7357145943888,0.0,54.29000000000002,41.5213268992103,,3739.0
272,Power,16077960100,0.697,0.7838,0.7172,0.9327,0.5608,48.84090959461652,2.7050065994262695,54.01000000000005,41.27416749679767,,1342.0
273,Power,16077960200,0.9562,0.9392,0.8283,0.9832,0.7297,26.835879703278188,0.0,53.650000000000034,38.676348024181074,,5081.0
274,Shoshone,16079960200,0.0707,0.6858,0.8249,0.5892,0.7973,97.67617226340478,0.0,41.81,29.84239293685709,261.766302419153,3904.0
275,Shoshone,16079960300,0.1279,0.8682,0.963,0.9158,0.8986,92.72867301841464,0.0,43.21000000000004,31.49983139055233,304.5822077011163,3600.0
276,Shoshone,16079960400,0.2761,0.6689,0.7306,0.5421,0.7399,96.308645759612,0.0,35.09000000000003,27.49255105206451,328.9135277676936,4387.0
277,Teton,16081960100,0.7508,0.3074,0.266,0.1852,0.3209,91.0604560704523,0.0,43.21000000000004,32.02662057092597,131.08135361031856,5178.0
278,Twin Falls,16083000200,0.6061,0.5811,0.3636,0.8923,0.4358,64.69296077960125,1.5130805969238281,39.03000000000003,37.75327788649707,,4459.0
279,Twin Falls,16083000300,0.771,0.3649,0.0808,0.2828,0.5811,80.83610664169255,0.0,46.190000000000055,34.170464737133365,,3812.0
280,Twin Falls,16083000400,0.9327,0.9865,0.9865,0.7441,0.9054,77.58265571575326,0.0,35.97000000000003,34.30655221191255,,3139.0
281,Twin Falls,16083000500,0.3468,0.3345,0.101,0.8451,0.5169,91.30857421611816,0.0,36.73000000000002,32.02757838090098,,4107.0
282,Twin Falls,16083000600,0.4781,0.1959,0.1414,0.3704,0.25,87.45261365128032,0.0,39.410000000000025,33.4243818404115,,2258.0
283,Twin Falls,16083000700,0.6229,0.4595,0.5118,0.4949,0.2973,70.53947836319024,1.5130805969238281,40.29000000000002,34.13912189604454,,7612.0
284,Twin Falls,16083000800,0.4848,0.5372,0.4882,0.2155,0.7061,61.46721457960076,1.5130805969238281,39.03000000000003,38.428565910527446,,4435.0
285,Twin Falls,16083000900,0.6902,0.5439,0.8316,0.4882,0.1419,64.17968709070556,1.5130805969238281,41.450000000000045,37.457162672725865,,3257.0
286,Twin Falls,16083001000,0.8316,0.7635,0.6633,0.6835,0.5777,47.31580198663412,1.5130805969238281,39.29000000000002,38.2001843502481,,6137.0
287,Twin Falls,16083001100,0.7475,0.8716,0.9259,0.3131,0.8851,32.859452626627835,1.5130805969238281,39.29000000000002,38.52384274458307,,2615.0
288,Twin Falls,16083001200,0.8721,0.7804,0.431,0.6465,0.848,74.34306078098906,1.5130805969238281,38.55000000000001,35.626435190424125,,5588.0
289,Twin Falls,16083001300,0.6094,0.4426,0.2896,0.5118,0.473,84.68975723666782,0.0,41.450000000000045,32.84272626351163,,5556.0
290,Twin Falls,16083001400,0.9764,0.6385,0.5522,0.3098,0.4223,88.20530819915201,0.0,38.33000000000004,31.454712504563524,,788.0
291,Twin Falls,16083001500,0.7778,0.5169,0.4512,0.2121,0.5034,19.74401972837141,0.0,50.29000000000002,42.348456779256814,,1941.0
292,Valley,16085970100,0.0202,0.2432,0.2828,0.4411,0.5,63.66644322749454,0.0,50.81,29.45838623811509,444.32522985265825,1759.0
293,Valley,16085970200,0.0034,0.3176,0.8013,0.9125,0.0338,77.75427257477567,0.0,41.73000000000002,28.6915801576064,488.0147685363855,1673.0
294,Valley,16085970300,0.0067,0.1385,0.3535,0.2424,0.2635,86.50024573550567,0.0,43.71000000000004,30.555254456021,466.1258349177323,3058.0
295,Washington,16087970100,0.0842,0.3716,0.3232,0.8081,0.4831,37.319335175335446,0.0,53.97000000000003,40.37577094658544,235.2751634709231,1405.0
296,Washington,16087970200,0.8249,0.973,0.7912,0.9966,0.9257,20.076999184405672,0.0,53.47000000000003,43.49527237436556,218.00070197309887,3421.0
297,Washington,16087970300,0.8013,0.8277,0.5219,0.835,0.8142,29.69602649317876,0.0,48.690000000000055,39.91337474155328,189.75727610686383,3903.0
