FIPS,Area,COUNTY,Minority Status and Language,Overall Vulnerability,Housing Type and Transportation,Household Composition and Disability ,Socioeconomic Status,Greenness,Heat_Island,LST-Max,LST-Mean,Smoke,Population,PM-2-5,Heatwave,Density_Population
16001000100,4.290472208,Ada,0.6272,0.63,0.8422,0.1863,0.67,28.976749419673126,1.4668188095092756,52.63000000000005,43.88100179697299,,3247.0,3866.322707907135,90041.0,756.7931552955068
16001000200,48.34291995,Ada,0.3799,0.125,0.3942,0.0752,0.028,15.573499603012184,1.4668188095092756,60.81,47.37633165071582,,7261.0,2811.19603690107,206286.0,150.19779540643987
16001000301,6.183234462000001,Ada,0.491,0.136,0.3261,0.0716,0.025,73.3593229490453,1.4668188095092756,54.35000000000002,43.63311706224718,,7029.0,3345.1092738343923,207301.0,1136.783675792626
16001000302,2.057457956,Ada,0.5949,0.756,0.8637,0.9032,0.344,82.10234005566302,1.4668188095092756,52.370000000000005,43.513622424531256,,2757.0,3418.9214243553806,79134.0,1340.003080966968
16001000400,3.959828478,Ada,0.6953,0.738,0.9247,0.4121,0.616,64.61672308703365,1.4668188095092756,51.99000000000001,42.39383038511736,,5045.0,3743.116508370448,139822.0,1274.045082515314
16001000500,3.094456921,Ada,0.4265,0.179,0.1362,0.2688,0.315,91.88715039819532,1.4668188095092756,53.85000000000002,43.01406030448445,,4866.0,3647.592233903381,133626.0,1572.4891715175374
16001000600,2.065208159,Ada,0.448,0.143,0.344,0.0465,0.111,93.23446937414886,1.4668188095092756,52.13000000000005,43.34797309607049,,4524.0,3733.1984513878647,121049.0,2190.578213767361
16001000700,19.38290978,Ada,0.5017,0.189,0.5304,0.0573,0.078,31.193853840855056,1.4668188095092756,60.09000000000003,45.978764099776114,,6582.0,2964.472041147006,189136.0,339.57749763616755
16001000801,5.886933795,Ada,0.4802,0.215,0.5806,0.0609,0.129,71.81488688651132,1.4668188095092756,50.63000000000005,43.10187960762119,,7156.0,3398.3073803381576,217157.0,1215.5733781273143
16001000802,2.818506758,Ada,0.5698,0.197,0.2473,0.2974,0.068,74.93133032810003,1.4668188095092756,51.77000000000004,43.562577416281336,,4541.0,3330.179781629323,132200.0,1611.1368145954966
16001000803,2.333674704,Ada,0.3655,0.053,0.0465,0.1326,0.1,69.89341813710766,1.4668188095092756,52.35000000000002,43.80429696330753,,3582.0,3120.438052010996,112502.0,1534.918295964869
16001000900,2.6541073390000003,Ada,0.7025,0.594,0.9318,0.0537,0.541,51.53179176837046,1.4668188095092756,51.150000000000034,42.94326154198264,,4754.0,3572.852501506718,138333.0,1791.1860346202825
16001001000,4.463609222,Ada,0.724,0.681,0.9426,0.5448,0.247,77.28670262449404,1.4668188095092756,52.670000000000016,43.23240200040481,,4965.0,3599.3825883915915,153514.0,1112.3285558979428
16001001100,5.532476161999999,Ada,0.9211,0.949,0.9605,0.81,0.738,32.45781893573929,1.4668188095092756,51.01000000000005,42.873042872665565,,3423.0,3639.02284410558,101758.0,618.7103025424659
16001001201,2.146885194,Ada,0.3799,0.06,0.0609,0.2329,0.0,88.18931358005892,1.4668188095092756,51.73000000000002,43.20058217217292,,2825.0,3613.137924105413,89830.0,1315.8598363317976
16001001202,3.238438061,Ada,0.7347,0.82,0.9175,0.8243,0.383,54.98903089257215,1.4668188095092756,53.410000000000025,44.38177031690374,,5277.0,3584.4475376192167,164499.0,1629.4892477796875
16001001400,2.640226085,Ada,0.7311,0.774,0.8243,0.8781,0.304,62.40105438766936,1.4668188095092756,53.77000000000004,44.51740447480377,,4432.0,3351.289383604602,133189.0,1678.644122630127
16001001500,2.559051632,Ada,0.5949,0.315,0.1899,0.6881,0.057,73.90718051474039,1.4668188095092756,50.93000000000001,42.903766152551455,,2901.0,3397.546181099501,85272.0,1133.6230827561512
16001001600,3.163079692,Ada,0.2616,0.229,0.5232,0.2365,0.279,56.45792176207025,1.4668188095092756,53.47000000000003,43.55169197009129,,3520.0,3228.041668498553,105340.0,1112.8394927585025
16001001700,2.042765568,Ada,0.8136,0.734,0.7526,0.5878,0.48,68.60881229025956,1.4668188095092756,51.150000000000034,42.73471183686502,,4743.0,3308.6475291577062,140849.0,2321.8523330818152
16001001800,3.620813063,Ada,0.6774,0.43,0.4444,0.6272,0.089,66.60909935266784,1.4668188095092756,54.170000000000016,44.14311930880496,,3771.0,3173.348743878736,110526.0,1041.4787878818477
16001001900,2.999285145,Ada,0.4946,0.232,0.1254,0.663,0.021,60.91974782756859,1.4668188095092756,54.170000000000016,45.450981043326216,,4242.0,3239.2657427535837,130584.0,1414.3370152956898
16001002000,4.54989606,Ada,0.8458,0.946,0.9749,0.7741,0.831,24.640778051210408,1.4668188095092756,54.83000000000004,45.69360183154933,,4846.0,3432.857143200177,153818.0,1065.079275679102
16001002100,46.802241200000005,Ada,0.0681,0.093,0.1003,0.4946,0.093,6.077731175314223,1.4668188095092756,63.13000000000005,48.09624291263636,,1544.0,2862.235875786082,45504.0,32.98987314308358
16001002201,11.21134082,Ada,0.4157,0.039,0.0573,0.1003,0.003,51.522970939661896,1.4668188095092756,52.910000000000025,43.63865652343025,,8170.0,3010.163814185384,257157.0,728.7263968842577
16001002221,9.155695291,Ada,0.3297,0.025,0.0716,0.1254,0.014,63.87219397788485,1.4668188095092756,52.31,42.42116673717102,,7201.0,2859.907392025597,215742.0,786.5049863639025
16001002222,5.237490767,Ada,0.0,0.0,0.0071,0.1182,0.039,65.0879817367471,0.0,49.690000000000055,41.23327433567437,,4183.0,2810.3985243241577,126516.0,798.6648924244299
16001002302,5.8299327960000005,Ada,0.6379,0.666,0.9462,0.5017,0.362,37.33322583839483,1.4668188095092756,54.83000000000004,45.2345312763949,,6624.0,3431.170941881778,204884.0,1136.205207124312
16001002310,6.605658271999999,Ada,0.7025,0.318,0.4014,0.2831,0.146,45.25642121681378,1.4668188095092756,53.410000000000025,44.18570270434514,,7805.0,3238.4210337830027,243699.0,1181.5627873279122
16001002311,6.5568913360000005,Ada,0.577,0.329,0.3799,0.4229,0.164,51.07894554354002,1.4668188095092756,53.57000000000005,44.887973577885695,,7678.0,3312.122804738055,239680.0,1170.9817360926293
16001002410,4.512898593999999,Ada,0.3189,0.017,0.0788,0.086,0.017,73.61606395351467,1.4668188095092756,51.57000000000005,42.911223267233694,,5793.0,3551.2861664389857,182883.0,1283.6539264812918
16001002411,2.617009619,Ada,0.4265,0.132,0.0824,0.3512,0.053,69.75420831077356,1.4668188095092756,51.57000000000005,43.87375004319208,,4340.0,3525.847810333439,135426.0,1658.3813710468444
16001002412,7.634920693,Ada,0.6845,0.67,0.4623,0.8387,0.465,59.83867527724873,1.4668188095092756,50.29000000000002,39.21194853007645,,2763.0,3291.581409861531,87149.0,361.88981013689227
16001002413,5.010427637,Ada,0.4265,0.139,0.1397,0.2795,0.086,76.2870212021317,1.4668188095092756,51.410000000000025,42.92679280081672,,6910.0,3450.594280657894,216520.0,1379.123799528092
16001010100,243.7789978,Ada,0.0465,0.035,0.2078,0.2258,0.096,13.34401710364197,1.4668188095092756,64.05000000000001,46.479905751366005,,4900.0,2071.6843021480454,138951.0,20.10017287879752
16001010201,213.7047506,Ada,0.2652,0.089,0.1863,0.1684,0.125,20.516136755878964,0.0,66.55000000000001,48.68773286235842,,7833.0,2303.963113481059,267945.0,36.653373301285896
16001010221,23.75399091,Ada,0.0752,0.014,0.086,0.0967,0.186,74.30467900475502,1.4668188095092756,49.410000000000025,38.80276785667647,,5096.0,2850.861415859591,164813.0,214.53237139426017
16001010222,16.670357980000002,Ada,0.3476,0.15,0.1935,0.2939,0.179,58.54332160624852,1.4668188095092756,54.13000000000005,41.72788650566675,,10405.0,2809.9565082214635,328226.0,624.1617614020787
16001010223,6.749109657,Ada,0.4121,0.107,0.0358,0.2114,0.121,69.3426660369574,1.4668188095092756,54.35000000000002,42.41998736471223,,5224.0,3134.5516125594595,154328.0,774.0280222861402
16001010310,63.28586240999999,Ada,0.3261,0.075,0.0286,0.1827,0.175,69.23809819666043,1.4668188095092756,51.870000000000005,37.9576451387843,,21916.0,2945.539947373331,724652.0,346.3016725286339
16001010313,60.18554261,Ada,0.4444,0.096,0.1792,0.0896,0.046,56.87298021617833,1.4668188095092756,52.910000000000025,40.70040732461666,,16045.0,2809.884911294256,482985.0,266.5922629288396
16001010321,12.92612637,Ada,0.6021,0.501,0.6702,0.4301,0.275,35.863560697247834,1.4668188095092756,52.910000000000025,43.853447704388046,,5898.0,3103.721209775971,187145.0,456.2851879344578
16001010322,4.602813185,Ada,0.5232,0.512,0.5412,0.6845,0.265,41.82907155292822,1.4668188095092756,52.89000000000004,43.41165325696709,,5725.0,2968.592243207424,181671.0,1243.8045538448246
16001010331,22.64327022,Ada,0.3512,0.068,0.1075,0.1792,0.064,65.93605233557382,1.4668188095092756,51.43000000000001,40.11939659777932,,16290.0,2995.1295422162348,522489.0,719.4190521831789
16001010332,7.743559579,Ada,0.3942,0.279,0.2544,0.5125,0.29,46.92450555451481,1.4668188095092756,51.13000000000005,41.16379829661376,,9612.0,3044.909350999963,316988.0,1241.289603565146
16001010333,7.667613292,Ada,0.5268,0.193,0.2974,0.301,0.05,59.16804952100455,1.4668188095092756,51.47000000000003,42.50098478495085,,8984.0,3171.089496404007,287138.0,1171.681416089861
16001010401,99.35796322,Ada,0.4731,0.351,0.215,0.4516,0.458,61.68803933715653,0.0,55.97000000000003,39.47083185157685,,15813.0,2901.810017411164,497990.0,159.15181317663087
16001010402,13.48584261,Ada,0.4874,0.186,0.0322,0.1541,0.487,59.7233046473037,0.0,53.610000000000014,41.54083984489188,,9014.0,2754.497638516959,257077.0,668.404656696494
16001010501,1027.368704,Ada,0.8387,0.458,0.4731,0.0035,0.587,7.802176220248514,0.0,66.85000000000002,51.39974909990809,,6233.0,2011.9740239439684,168635.0,6.066955296313951
16001010502,671.3186732,Ada,0.6093,0.222,0.2258,0.2186,0.236,0.7803078293658833,1.4668188095092756,66.51000000000005,52.61516462609389,,8641.0,1978.766727323464,262881.0,12.871681281872617
16003950100,1019.111413,Adams,0.2544,0.455,0.2652,0.4623,0.899,89.26703569237696,0.0,50.97000000000003,30.89439819809159,,1613.0,1392.6369773503552,21276.0,1.5827513846123515
16003950200,2529.180453,Adams,0.1756,0.376,0.2939,0.5161,0.681,54.16388694273559,0.0,62.59000000000003,37.508351190884646,,2034.0,1416.904246775954,72634.0,0.8042130792159812
16005000100,472.5941833,Bannock,0.7706,0.795,0.2401,0.7956,0.985,40.08218492170542,1.728008270263672,63.01000000000005,38.323066080853394,,1975.0,1556.2444012657013,58896.0,4.179061168736987
16005000200,368.4111006,Bannock,0.1326,0.028,0.025,0.1433,0.24,38.93849507628422,1.728008270263672,62.13000000000005,40.17794237764361,,3440.0,1501.6796313583077,82536.0,9.337395084994895
16005000300,11.017518119999998,Bannock,0.5591,0.928,0.9139,0.9354,0.863,27.47883676095708,1.728008270263672,56.71000000000004,40.21843097282178,,8470.0,2406.5405744690947,256837.0,768.7756813963834
16005000400,10.48310599,Bannock,0.5412,0.247,0.043,0.1577,0.62,31.117299522333493,1.728008270263672,52.77000000000004,38.22243962023198,,5191.0,2584.1427807276127,160607.0,495.1776701439227
16005000500,23.11688299,Bannock,0.0071,0.007,0.0215,0.1039,0.215,40.35242221831107,1.728008270263672,52.09000000000003,37.48698954176741,,1762.0,2553.0264145079045,53653.0,76.22134873296775
16005000600,34.6073357,Bannock,0.5806,0.781,0.8817,0.4802,0.802,6.971208014911593,1.728008270263672,60.71000000000004,46.43555631772697,,3234.0,2114.864299607032,84288.0,93.44839568219058
16005000700,3.961576341,Bannock,0.1648,0.304,0.706,0.1218,0.523,36.658629053946434,1.728008270263672,57.610000000000014,45.26867806596064,,4050.0,2296.4741374522355,126461.0,1022.3203218589698
16005000800,3.816841554,Bannock,0.4623,0.648,0.9713,0.025,0.91,13.293583291428169,1.728008270263672,55.190000000000055,45.43493531512062,,2721.0,2417.50396224596,89520.0,712.8930979983771
16005000900,1.041430131,Bannock,0.4086,0.702,0.7598,0.4157,0.978,18.590712461562507,1.728008270263672,54.650000000000034,45.13774246832848,,2141.0,2723.872374569939,73108.0,2055.826825313929
16005001000,1.5446008130000002,Bannock,0.4193,0.365,0.3369,0.5017,0.394,31.907455443059096,1.728008270263672,52.29000000000002,44.79091371700796,,2962.0,2430.2078419052323,93100.0,1917.6475728036528
16005001101,10.14505253,Bannock,0.2974,0.064,0.1146,0.1146,0.168,23.23934656738998,1.728008270263672,58.610000000000014,45.401805705574574,,7033.0,2300.35799537769,220242.0,693.2443158083875
16005001102,5.731452838,Bannock,0.3189,0.573,0.5627,0.5627,0.731,15.144248549125884,1.728008270263672,56.77000000000004,45.55140076806692,,3597.0,2232.536164588417,117984.0,627.5895661483239
16005001200,2.880152081,Bannock,0.3691,0.58,0.5734,0.8172,0.451,17.537058623471495,1.728008270263672,54.57000000000005,45.236373514707054,,2884.0,2621.179229999969,95725.0,1001.3360124367684
16005001300,1.283296456,Bannock,0.5806,0.691,0.6129,0.4874,0.81,23.253499648473948,1.728008270263672,52.77000000000004,44.55265709715592,,2473.0,2467.441751076577,83375.0,1927.0683624485907
16005001400,4.457295032999999,Bannock,0.5663,0.867,0.7813,0.6881,0.946,23.40298690958144,1.728008270263672,54.690000000000055,44.50138367562154,,4128.0,2487.098040471161,134604.0,926.12222647098
16005001500,7.620439131,Bannock,0.3297,0.369,0.2759,0.6523,0.397,31.51954820008429,1.728008270263672,54.93000000000001,42.62455607760369,,4941.0,2649.2267463617345,157806.0,648.3878310765552
16005001601,2.01439844,Bannock,0.6344,0.802,0.8172,0.3978,0.949,8.580955938129318,1.728008270263672,57.110000000000014,45.72795113833165,,2556.0,2505.635435623371,78992.0,1268.865160558802
16005001602,4.672177627999999,Bannock,0.5734,0.437,0.2329,0.6702,0.372,18.15323427802273,1.728008270263672,57.110000000000014,45.49344374587146,,3683.0,2246.5608617425632,107819.0,788.2833858730169
16005001603,6.541733627999999,Bannock,0.3799,0.516,0.4336,0.2867,0.921,5.640216543074973,1.728008270263672,56.01000000000005,45.55839731319513,,2479.0,2104.8942314018345,79503.0,378.9515350165524
16005001700,14.30901928,Bannock,0.0215,0.003,0.0143,0.0645,0.075,21.968432875097,0.0,55.690000000000055,42.74506066535119,,3209.0,2229.411733417718,91027.0,224.2641467738661
16005001800,268.1535841,Bannock,0.2473,0.408,0.7992,0.0501,0.655,56.57508814041912,1.728008270263672,58.25000000000006,36.49466981079499,,297.0,1249.6933581210494,10607.0,1.107574232120808
16005001900,1713.576253,Bannock,0.0394,0.401,0.405,0.6738,0.609,34.92444952850195,0.0,64.45000000000005,40.20971027527656,,4719.0,1320.9647394426252,125168.0,2.7538897039091963
16007950100,1321.003007,Bear Lake,0.215,0.598,0.6093,0.8422,0.566,33.25490180579187,0.0,59.07000000000005,38.26219981171282,,3623.0,1315.513768573785,70777.0,2.7426129848317595
16007950200,1396.923515,Bear Lake,0.0107,0.175,0.1971,0.5806,0.354,59.834141726443576,0.0,57.01000000000005,33.76923704864889,,2685.0,1217.827239178719,35251.0,1.922080895030248
16009950100,1063.40577,Benewah,0.1612,0.62,0.8315,0.6415,0.673,97.84809932794778,0.0,46.93000000000001,29.074562922709127,,4727.0,1676.7557130615194,63976.0,4.445151731685638
16009950200,966.7319809,Benewah,0.5555,0.817,0.681,0.7777,0.842,71.1339441585937,0.0,50.610000000000014,31.964387250165977,,4502.0,1776.111209780712,51142.0,4.656926727311499
16011950100,102.6391571,Bingham,0.62,0.645,0.4265,0.5949,0.727,63.62920377351233,0.0,54.35000000000002,34.19983110681286,,7712.0,2750.612183843391,217003.0,75.13701610474352
16011950200,1234.31391,Bingham,0.663,0.505,0.362,0.5663,0.387,45.03334378018963,0.0,61.97000000000003,37.968390426697546,,3602.0,1197.4124902739716,99694.0,2.9182203739403696
16011950300,2845.911854,Bingham,0.9534,0.827,0.6379,0.4659,0.813,21.29484044400528,0.0,65.69000000000005,45.01183902287727,,5595.0,1573.5302430437705,149579.0,1.965977966652793
16011950400,87.50785458,Bingham,0.6559,0.673,0.767,0.7706,0.261,71.35273601387743,0.0,54.51000000000005,37.00544134432364,,6529.0,2418.2177304205698,184957.0,74.61044532900947
16011950500,50.21050829,Bingham,0.767,0.967,0.9103,0.9713,0.896,63.53945042282743,0.0,50.99000000000001,36.009059669960365,,7311.0,2553.2606530268204,215546.0,145.60697051250665
16011950600,87.2507997,Bingham,0.7741,0.548,0.3655,0.3727,0.584,67.65107103107675,0.0,54.170000000000016,36.06102412622231,,5013.0,2489.3229247271465,146182.0,57.45506078152313
16011950700,170.9461127,Bingham,0.8172,0.53,0.2007,0.4408,0.605,64.53132477197026,0.0,58.39000000000004,35.69629360084486,,4526.0,2195.2515768137923,130653.0,26.476179706659103
16011950800,912.3343428,Bingham,0.7956,0.974,0.939,0.9605,0.931,21.314322975333056,0.0,61.97000000000003,42.58876083860593,,2689.0,1360.3079581760474,79355.0,2.9473843895290885
16013960100,4312.6335,Blaine,0.7491,0.272,0.5304,0.0358,0.114,10.456546818918818,0.0,67.67000000000002,46.24239072791416,,4511.0,1554.38885255288,70706.0,1.0459966050906018
16013960200,818.1966712000001,Blaine,0.7885,0.311,0.4982,0.1362,0.107,43.732190670359145,0.0,56.870000000000005,36.33401737188951,,9127.0,1363.6132451374438,108496.0,11.155019717464722
16013960300,1475.943388,Blaine,0.6451,0.161,0.2831,0.0179,0.136,64.24774902862072,0.0,59.910000000000025,30.86987914231908,,3415.0,1286.3508363993362,19438.0,2.313774381704131
16013960500,285.1166739,Blaine,0.7634,0.419,0.5555,0.0286,0.43,56.719276061689584,0.0,53.950000000000045,32.93108314496001,,2692.0,1450.452087940444,17400.0,9.441748752106218
16015950200,4939.104033,Boise,0.4372,0.555,0.577,0.4444,0.659,75.28111353077982,0.0,64.05000000000001,34.33138729415653,,6779.0,1402.2353816398863,149179.0,1.3725161395076857
16017950100,1216.32181,Bonner,0.0824,0.422,0.4229,0.5268,0.763,84.1978133595621,0.0,42.33000000000004,25.35727773902077,,2228.0,1694.1654104929553,13707.0,1.83175207554652
16017950200,633.8090483999999,Bonner,0.0501,0.25,0.5161,0.2903,0.526,91.08481680372634,0.0,46.35000000000002,28.19277528809882,,7922.0,1950.6619242419836,73885.0,12.499032666066306
16017950300,6.301402542,Bonner,0.4659,0.709,0.7777,0.6379,0.688,28.542216666511187,0.0,42.910000000000025,29.644276175283725,,3105.0,3570.447814331709,31410.0,492.74744460532514
16017950400,331.66578660000005,Bonner,0.0609,0.487,0.7455,0.7383,0.405,95.0453555963085,0.0,42.57000000000005,27.47276787157026,,6413.0,1823.3135307109624,54874.0,19.335729698686983
16017950500,167.8255701,Bonner,0.3763,0.824,0.7491,0.7634,0.974,91.48404929446576,0.0,45.73000000000002,30.44312387892052,,3127.0,2149.891617894771,35292.0,18.63244080229703
16017950600,1444.936997,Bonner,0.1935,0.344,0.3548,0.4086,0.637,92.28065180906776,0.0,45.55000000000001,27.109314515596804,,1813.0,1717.3630437719585,17208.0,1.2547259871981808
16017950700,327.44087010000004,Bonner,0.2867,0.724,0.4802,0.896,0.939,91.43382955952616,0.0,49.07000000000005,31.292503288224665,,4146.0,1947.923187017891,43681.0,12.661828069091731
16017950800,619.0258626,Bonner,0.0573,0.258,0.2903,0.215,0.827,85.85136946853783,0.0,46.89000000000004,30.253347374513787,,5361.0,2025.176929858052,43162.0,8.660381292443919
16017950900,223.9864747,Bonner,0.0143,0.182,0.1541,0.4372,0.555,67.31934872583383,0.0,44.910000000000025,27.381256875778128,,3991.0,2377.6424061203343,32139.0,17.81804015329681
16019970100,3529.278717,Bonneville,0.0179,0.121,0.172,0.4265,0.254,65.9805544575926,0.0,59.450000000000045,33.91905294719018,,1092.0,1150.693062512447,14266.0,0.3094116638450802
16019970200,250.7061752,Bonneville,0.2831,0.01,0.0107,0.0788,0.007,12.064527715449575,0.0,61.13000000000005,42.86915751807963,,3267.0,1800.1785334296335,69147.0,13.03119078496476
16019970300,131.2866346,Bonneville,0.2401,0.118,0.1182,0.2222,0.258,53.83914564971898,0.0,50.610000000000014,35.21440386035813,,5262.0,2528.122685147644,113419.0,40.08024134392733
16019970401,20.99751555,Bonneville,0.405,0.236,0.2186,0.3942,0.308,55.467088637663466,0.0,53.13000000000005,37.52144159214581,,1923.0,2552.9113071116944,47932.0,91.58226340734868
16019970402,35.88790103,Bonneville,0.0931,0.129,0.1111,0.4731,0.207,50.21674232550302,0.0,52.950000000000045,36.19059949415845,,2974.0,2589.9369570521467,72403.0,82.86915407824841
16019970403,10.42581669,Bonneville,0.8243,0.602,0.4946,0.4193,0.512,47.49823165796103,0.0,49.75000000000006,38.575079489503096,,8891.0,2560.7722095001263,230684.0,852.7869100679536
16019970501,13.85967308,Bonneville,0.2258,0.433,0.5483,0.6308,0.437,49.611243417053416,0.0,55.81,37.92983096006636,,6529.0,2502.90448406777,178973.0,471.0789325486745
16019970502,5.1617164220000005,Bonneville,0.1541,0.1,0.1326,0.2043,0.272,55.57843963019076,1.2200698852539062,51.47000000000003,39.99794075682943,,4320.0,2790.7616614410003,117850.0,836.9309056939896
16019970503,26.48515171,Bonneville,0.1254,0.111,0.0179,0.62,0.032,41.11367705456295,0.0,49.59000000000003,36.81644096046824,,3825.0,2688.672669519385,96916.0,144.42054332487717
16019970601,3.037558478,Bonneville,0.4193,0.168,0.0537,0.4587,0.172,44.62442042268728,1.2200698852539062,53.89000000000004,40.65433647801333,,2327.0,2918.8938669558265,65225.0,766.0757864757722
16019970602,2.59893343,Bonneville,0.5376,0.587,0.4301,0.7132,0.544,45.564010187579946,1.2200698852539062,50.55000000000001,41.07888527726819,,4809.0,3081.625677270775,130798.0,1850.3744437963535
16019970603,2.53590227,Bonneville,0.4587,0.086,0.1612,0.1075,0.01,37.49194816943272,1.2200698852539062,51.47000000000003,41.80179475797721,,1817.0,2959.395400020436,49008.0,716.5102620457056
16019970700,7.801706792,Bonneville,0.7383,0.978,0.9677,0.982,0.964,26.373389565496296,1.2200698852539062,53.89000000000004,41.71089385735086,,4718.0,2600.515235545994,130969.0,604.7394660919474
16019970800,1.497851072,Bonneville,0.3512,0.616,0.6236,0.939,0.39,70.46118869762881,1.2200698852539062,49.910000000000025,41.17551819876464,,3149.0,2696.5885398564524,87253.0,2102.3451922995987
16019970900,3.349027105,Bonneville,0.3297,0.046,0.0035,0.2544,0.035,54.45654841405215,1.2200698852539062,49.85000000000002,40.85060895217743,,3908.0,2867.02815812308,109585.0,1166.9060528550128
16019971000,5.120482763,Bonneville,0.4838,0.476,0.5949,0.7455,0.118,46.88828734055204,1.2200698852539062,52.01000000000005,40.64745575669856,,3961.0,2405.184694759523,108125.0,773.5598738114529
16019971100,1.773599594,Bonneville,0.6523,0.741,0.7562,0.5663,0.677,45.10144300144295,1.2200698852539062,52.01000000000005,41.559425433421445,,3252.0,2556.533588535593,95899.0,1833.559283054279
16019971200,6.528887375,Bonneville,0.9354,0.971,0.9283,0.8028,0.906,28.21848286934172,1.2200698852539062,52.01000000000005,41.06205832721097,,4000.0,2418.476942217357,106679.0,612.6618166697966
16019971301,14.98370196,Bonneville,0.6308,0.268,0.2724,0.3691,0.15,45.65231460855287,1.2200698852539062,50.950000000000045,36.69472183007906,,5548.0,2428.632252712903,132054.0,370.2689772401212
16019971302,5.598613459,Bonneville,0.62,0.275,0.4121,0.3225,0.082,56.07037769104697,1.2200698852539062,52.01000000000005,38.15339443683028,,4564.0,2335.1239048579528,116913.0,815.2018412100202
16019971400,69.83702889,Bonneville,0.3154,0.146,0.4695,0.1612,0.06,49.09604862914203,1.2200698852539062,53.05000000000001,36.08689712869718,,7267.0,2600.5797174125373,195154.0,104.05654586832752
16019971500,773.8089368999999,Bonneville,0.8637,0.243,0.2365,0.129,0.103,30.04621945643075,0.0,66.63000000000005,41.59647870489494,,1491.0,1696.93519569962,34049.0,1.9268322306707648
16021970100,950.4298757,Boundary,0.2365,0.541,0.5017,0.7634,0.58,90.01817188419433,0.0,47.59000000000003,29.12586418637436,,5261.0,1774.9077237424142,55055.0,5.535389968802513
16021970200,2359.865085,Boundary,0.2114,0.684,0.724,0.7562,0.777,92.8147900525332,0.0,46.21000000000004,25.57287425737353,,4967.0,1510.910535926094,59664.0,2.104781341768952
16023970100,5784.853428,Butte,0.6057,0.806,0.8064,0.5985,0.792,9.176685514500695,0.0,65.59000000000003,44.35232289306389,,2906.0,1365.9303758419608,62500.0,0.5023463491631961
16025970100,2794.534581,Camas,0.1792,0.082,0.301,0.0931,0.154,40.89305126795951,0.0,62.51000000000005,38.49901395221193,,1023.0,1287.231889504233,13249.0,0.366071691134317
16027020100,1.177003551,Canyon,0.7419,0.921,0.8996,0.8494,0.759,16.87305021854932,1.4273004531860352,50.89000000000004,44.22643198426916,,849.0,3056.988991795094,46360.0,721.3232273417331
16027020200,2.631797801,Canyon,0.9964,0.996,0.9641,0.9856,0.928,59.28519202890461,1.4273004531860352,50.89000000000004,44.174022381652286,,3072.0,2971.3083312019444,143489.0,1167.2629253025202
16027020300,1.922604491,Canyon,0.896,0.956,0.7921,0.8853,0.935,63.74292498320613,1.4273004531860352,50.89000000000004,43.45007403435863,,3201.0,3089.773599013116,166609.0,1664.9290142535094
16027020400,3.812266571,Canyon,0.8673,0.913,0.6487,0.9318,0.767,58.67472043952081,1.4273004531860352,50.75000000000006,42.796381208947935,,4322.0,3035.896542091441,211244.0,1133.708758164383
16027020500,7.735001105,Canyon,0.7849,0.86,0.8387,0.6021,0.741,68.5653207137644,1.4273004531860352,49.63000000000005,42.39951417070447,,9677.0,2967.0451707723487,458630.0,1251.0664017545737
16027020600,7.210968136,Canyon,0.8064,0.77,0.6308,0.9641,0.336,60.46717218263223,1.4273004531860352,53.31,42.57930581124611,,9279.0,2937.318022838849,397209.0,1286.7897659505063
16027020700,39.56453125,Canyon,0.8458,0.695,0.6057,0.405,0.645,59.04003120786616,1.4273004531860352,53.31,41.18301483166226,,9528.0,2899.137717308708,394543.0,240.82175875646195
16027020900,58.32751556,Canyon,0.6917,0.34,0.3405,0.3655,0.182,58.83225365464961,1.4273004531860352,49.63000000000005,38.21782648291789,,20993.0,2844.1516388101563,872102.0,359.9158955845641
16027021000,39.0690247,Canyon,0.8422,0.853,0.8709,0.8817,0.347,62.70062716103334,1.4273004531860352,53.31,39.52776839358711,,16609.0,2736.7618195595987,598902.0,425.11939132179054
16027021100,92.03201991,Canyon,0.5125,0.394,0.8028,0.2007,0.197,67.982392520802,1.7601747512817385,50.27000000000004,37.47702286023084,,12326.0,3074.0857476797146,474084.0,133.93164696432663
16027021200,14.15935087,Canyon,0.9677,0.899,0.6917,0.9426,0.573,54.95348620916383,1.7601747512817385,51.63000000000005,40.6721000727068,,5465.0,2804.1061689450903,198785.0,385.9640212447112
16027021300,4.826059207999999,Canyon,1.0,0.992,1.0,0.8637,0.989,29.68797436686729,1.7601747512817385,51.47000000000003,43.00344457249748,,2618.0,2839.993958791867,95163.0,542.4715875139343
16027021500,3.062876805,Canyon,0.9103,0.939,0.9569,0.7204,0.77,58.2517314107195,1.7601747512817385,51.63000000000005,43.02176741418621,,3947.0,2867.4543776308774,146977.0,1288.657772182254
16027021600,4.374433656000001,Canyon,0.8924,0.849,0.7168,0.9892,0.333,51.5625893671088,1.7601747512817385,51.63000000000005,41.16838394393838,,3050.0,2820.9846066604223,109071.0,697.2331140093074
16027021700,8.733613513,Canyon,0.8602,0.878,0.8888,0.724,0.534,56.64401983254572,1.7601747512817385,51.63000000000005,41.81591680785897,,8091.0,2852.4054264011293,283682.0,926.4206605841364
16027021800,128.5843021,Canyon,0.7204,0.322,0.0931,0.3261,0.401,64.26072317077278,1.7601747512817385,51.71000000000004,37.44111611154503,,4365.0,2997.590502563311,153478.0,33.94660101359293
16027021901,11.16392952,Canyon,0.7132,0.72,0.3978,0.9211,0.569,82.21318910816656,0.0,47.610000000000014,38.42493609977057,,3820.0,3181.5529486728474,138747.0,342.17342497160445
16027021902,317.5927201,Canyon,0.9175,0.716,0.6523,0.3333,0.698,51.76169371705023,1.7601747512817385,67.95000000000005,42.21811099441311,,10051.0,2671.8978658098195,359973.0,31.64745085099953
16027022100,200.5001973,Canyon,0.8028,0.917,0.663,0.9068,0.853,69.99155038626293,0.0,60.51000000000005,38.03847884305072,,3773.0,2750.2572031995305,148387.0,18.817936594619
16027022200,131.157642,Canyon,0.9892,0.896,0.5663,0.6559,0.903,66.99661129672582,0.0,53.33000000000004,38.667582705986646,,3683.0,2870.3085131651887,136158.0,28.080712216524905
16027022300,383.8160077,Canyon,0.9247,0.491,0.4659,0.3297,0.232,55.9914962389764,0.0,61.410000000000025,39.542166823242106,,4852.0,2250.6150451420613,145111.0,12.64147378603459
16027022400,101.4798687,Canyon,0.6702,0.2,0.1505,0.1397,0.225,69.05059418658101,0.0,54.53000000000003,37.82003007541944,,3504.0,2772.304891632893,111404.0,34.52901590125924
16029960100,1645.934942,Caribou,0.362,0.551,0.7096,0.6236,0.419,44.78607296559251,0.0,60.25000000000006,38.02051907383662,,4250.0,1300.7237213738072,96918.0,2.582119068956493
16029960200,3012.449753,Caribou,0.1648,0.336,0.4802,0.7096,0.222,65.82385979620368,0.0,57.690000000000055,34.14386934812342,,2965.0,1204.45407668599,49689.0,0.9842487819248285
16031950100,4235.865343,Cassia,0.7992,0.462,0.3512,0.344,0.412,12.581647663526052,0.0,66.81,44.27623455347268,,2868.0,1434.2849150326842,70768.0,0.6770753477183894
16031950200,168.8452226,Cassia,0.7777,0.562,0.3082,0.3082,0.745,64.10836368711986,0.0,60.75000000000006,35.2244931003622,,3171.0,2392.7099573984387,82939.0,18.780513603942502
16031950300,55.79193654,Cassia,0.7921,0.727,0.7383,0.7921,0.286,77.13965405222434,2.4670372009277344,49.59000000000003,34.722173240837265,,4691.0,2891.4720200536667,105127.0,84.080250497073
16031950400,7.82164851,Cassia,0.939,1.0,0.9928,1.0,0.982,39.712249293117694,2.4670372009277344,49.75000000000006,37.72625516412041,,3923.0,3372.753809377833,90964.0,501.5566724820776
16031950500,58.07501783,Cassia,0.7275,0.559,0.5698,0.706,0.132,66.09753206746912,2.4670372009277344,49.59000000000003,34.91711695421592,,4927.0,2850.8968219031435,111582.0,84.83854476674553
16031950600,2156.575866,Cassia,0.8817,0.566,0.5125,0.3405,0.422,22.67888887183788,0.0,62.150000000000034,41.37460072318324,,2351.0,1401.7330666547275,42816.0,1.0901540896683668
16033950100,4571.379615,Clark,0.9928,0.96,0.7132,0.8315,0.971,24.16103849242977,0.0,62.170000000000016,39.87124228762824,,1013.0,1207.1835099146742,25043.0,0.2215961231213566
16035970100,6160.433755,Clearwater,0.0788,0.44,0.2043,0.6129,0.953,96.59979608627133,0.0,51.89000000000004,27.78712419639045,,3094.0,1396.598943415746,36659.0,0.5022373623430028
16035970200,284.435663,Clearwater,0.5197,0.885,0.8207,0.8064,0.87,57.09457591409761,0.0,51.870000000000005,34.55456927045313,,5814.0,1802.339982715664,133444.0,20.440474793767336
16037990200,12785.599858,Custer,0.4014,0.569,0.5555,0.3835,0.82,39.28411755308813,0.0,62.59000000000003,34.85242813338719,,4363.0,1200.3413520037138,68107.0,0.3412432774728245
16039980100,5399.261864,Elmore,0.9749,0.953,0.896,0.6451,0.956,43.95683007782159,0.0,68.13000000000005,40.351387111467226,,2961.0,1394.6976685712395,172406.0,0.5484082962789226
16039980200,1296.200012,Elmore,0.6989,0.383,0.1756,0.3046,0.501,6.257836698541181,0.5178050994873047,66.89000000000004,48.821058684634615,,9545.0,1655.7507201094163,508656.0,7.363832673687709
16039980300,287.012344,Elmore,0.853,0.892,0.8566,0.7311,0.594,4.23547627296666,0.5178050994873047,67.85000000000002,53.34565655036525,,4029.0,2020.7891766067924,220440.0,14.037723757275051
16039980400,1022.227106,Elmore,0.9318,0.888,0.9032,0.5412,0.648,13.353396985698463,0.5178050994873047,68.99000000000001,50.92941000637234,,8627.0,2082.571177517064,470078.0,8.4394162015109
16039980500,25.69155633,Elmore,0.534,0.265,0.3333,0.0322,0.505,7.482355174663177,0.0,63.89000000000004,50.85295801064429,,3410.0,2918.344146372814,114833.0,132.72843249352502
16041970100,1272.946209,Franklin,0.3978,0.523,0.3799,0.5734,0.691,40.176812353948826,0.0,62.47000000000003,39.46574464064346,,5604.0,1466.3269523051745,161351.0,4.402385552805398
16041970200,457.7713032,Franklin,0.5161,0.333,0.2508,0.2365,0.559,61.30647323143423,0.0,57.93000000000001,35.26440194647128,,6191.0,1632.927111640995,183412.0,13.524220405959252
16043970100,3857.216595,Fremont,0.0286,0.057,0.1433,0.1756,0.311,57.76137608254006,0.0,60.39000000000004,36.22359729223189,,1390.0,1187.9646565319183,7096.0,0.3603634812216191
16043970200,846.5163438,Fremont,0.853,0.831,0.6559,0.5483,0.817,61.12249804108711,0.0,57.71000000000004,36.70849637660297,,3327.0,1423.1088327395742,39664.0,3.930225357569759
16043970300,205.6412199,Fremont,0.7168,0.792,0.8781,0.5197,0.666,70.96001191149477,0.0,57.71000000000004,36.729116263121824,,7502.0,2336.506066607629,110469.0,36.48101291972544
16045960100,1267.554417,Gem,0.3906,0.254,0.1182,0.3763,0.498,28.600552269744167,0.0,69.89000000000004,44.2913680761879,,4119.0,1659.6416963825488,140233.0,3.2495646299341483
16045960200,174.2780884,Gem,0.681,0.749,0.5913,0.8888,0.508,38.29614983491954,0.0,68.01000000000005,44.44796200767442,,5173.0,2460.0030551626005,186839.0,29.6824462988544
16045960300,23.88888237,Gem,0.6093,0.813,0.7956,0.8207,0.623,61.081836487578926,0.0,58.870000000000005,41.07231072877708,,6390.0,3063.582377433269,215613.0,267.4884450862655
16047960100,1468.917332,Gooding,0.8207,0.942,0.8853,0.9283,0.774,17.023706551472277,0.0,66.29000000000002,47.23361270311099,,7043.0,1665.6236056584448,274083.0,4.794687792546245
16047960200,431.926342,Gooding,0.9426,0.759,0.6881,0.6594,0.426,61.96341873750196,0.0,65.07000000000005,40.96583645690542,,7558.0,2067.3320563852967,349378.0,17.498353920724753
16049960100,15480.857013,Idaho,0.086,0.322,0.3906,0.258,0.806,92.4006791154855,0.0,67.99000000000001,27.113671335346574,,2013.0,1295.7618301743582,33795.0,0.1300315608050374
16049960200,1616.925478,Idaho,0.1111,0.731,0.8745,0.8279,0.799,56.24753493372256,0.0,59.89000000000004,35.12819443253132,,6099.0,1385.8306025649283,61449.0,3.771973466299725
16049960300,1009.370767,Idaho,0.2759,0.483,0.6129,0.2616,0.795,37.30173300566051,0.0,61.650000000000034,39.46559341119386,,2118.0,1387.7502184048126,12552.0,2.0983369731372457
16049960400,3161.84977,Idaho,0.025,0.537,0.5842,0.6774,0.788,78.33384600280104,0.0,57.43000000000001,30.30632675572371,,1342.0,1285.8087984236788,37955.0,0.424435092626175
16049960500,753.4969969,Idaho,0.4408,0.835,0.6415,0.8673,0.942,42.46401093515515,0.0,55.77000000000004,38.492082748305535,,4215.0,1646.6953672513655,111083.0,5.593917450688117
16051960100,2497.165421,Jefferson,0.9641,0.784,0.6666,0.2473,0.888,27.617488537218765,0.0,63.450000000000045,44.5225617808346,,3215.0,1615.1145881065045,75750.0,1.2874597625625217
16051960200,156.2424196,Jefferson,0.5913,0.372,0.1648,0.4874,0.415,67.17828498105473,0.0,60.53000000000003,35.70583720289161,,3301.0,2416.287421824676,68142.0,21.127424987727213
16051960300,49.48250999,Jefferson,0.7096,0.799,0.6845,0.7455,0.652,49.91214696901496,0.0,52.910000000000025,37.18657695939488,,5752.0,2696.3502265740226,117540.0,116.24309278495431
16051960400,160.3478484,Jefferson,0.3727,0.293,0.3225,0.1505,0.634,62.78684896737891,0.0,53.89000000000004,36.277157330909176,,8762.0,2461.161808467961,170905.0,54.64370172365842
16053970100,976.5725573,Jerome,0.9283,0.688,0.3118,0.577,0.659,26.39824410121752,0.0,67.11000000000001,44.88408053734704,,2772.0,1851.2354029809408,92765.0,2.838498767223141
16053970200,214.5728972,Jerome,0.9426,0.874,0.8279,0.6989,0.516,64.4753312932175,0.0,64.59000000000003,38.65593626888946,,3722.0,2135.621828807812,151972.0,17.346086335082585
16053970300,9.488498099,Jerome,0.8315,0.81,0.5878,0.81,0.612,83.17768799843806,0.0,50.99000000000001,35.58633235998601,,4303.0,2839.0407743670185,187059.0,453.49642852892566
16053970400,3.110856909,Jerome,0.8996,0.87,0.3584,0.9462,0.781,56.64110930396931,0.0,50.99000000000001,41.34223149299156,,2720.0,2854.195174343658,118433.0,874.3571561040901
16053970500,355.24699860000004,Jerome,0.8888,0.663,0.7275,0.3584,0.433,53.52814760832171,0.927414894104004,64.45000000000005,40.19376912753655,,6042.0,2153.5009120690447,230970.0,17.007884721928793
16055000100,230.2158835,Kootenai,0.2724,0.469,0.3046,0.4982,0.845,91.00917802024034,0.0,51.01000000000005,30.36070626451097,,5312.0,2171.0550258320964,47366.0,23.073994371026966
16055000200,415.136294,Kootenai,0.0896,0.225,0.2114,0.448,0.551,87.93022325942569,1.896568298339844,53.670000000000016,30.60500454341967,,7361.0,2200.037711087167,66319.0,17.73152602263198
16055000300,215.8350279,Kootenai,0.2043,0.286,0.4372,0.3906,0.44,80.55207353913214,0.0,51.43000000000001,31.63763401017741,,9967.0,2411.1872911353007,97605.0,46.17878801682681
16055000400,124.8178926,Kootenai,0.2437,0.627,0.853,0.7383,0.483,75.88817925557905,1.1926813125610352,52.690000000000055,33.655930770627414,,11175.0,2453.952355437859,118690.0,89.53043323533889
16055000500,14.57860086,Kootenai,0.2903,0.498,0.3297,0.6164,0.734,41.16128668515477,1.1926813125610352,50.39000000000004,39.4347071138341,,9830.0,2843.467381654354,108528.0,674.275953803704
16055000600,17.992447379999998,Kootenai,0.1397,0.379,0.3763,0.5913,0.562,54.11384099950217,1.896568298339844,51.63000000000005,39.42766093923832,,8521.0,2848.175212253864,79381.0,473.5876015106068
16055000700,46.5483096,Kootenai,0.1362,0.519,0.6451,0.8709,0.376,32.26794253687187,1.896568298339844,54.450000000000045,39.07843470951217,,13819.0,3000.793059168785,122881.0,296.8743681295786
16055000800,9.832618388,Kootenai,0.1039,0.164,0.1577,0.3548,0.469,54.23920749365562,1.896568298339844,51.63000000000005,38.16972491152912,,3553.0,2900.0457007433906,33241.0,361.3483061984974
16055000900,6.469419374,Kootenai,0.1003,0.881,0.9964,0.9498,0.967,29.43910657382919,1.896568298339844,50.370000000000005,39.287642933380624,,4177.0,3006.8545116026726,45251.0,645.652995813964
16055001000,13.60112763,Kootenai,0.1971,0.261,0.405,0.3799,0.408,71.359358547165,1.896568298339844,52.79000000000002,38.62540956437342,,8592.0,2985.31159823667,77080.0,631.7123281049602
16055001100,5.0165747750000005,Kootenai,0.2939,0.071,0.0,0.2652,0.143,87.29147020840655,1.896568298339844,49.35000000000002,37.99835947739782,,1797.0,3014.3022190214897,15805.0,358.21254154434484
16055001200,3.911231412,Kootenai,0.0358,0.534,0.7419,0.8458,0.444,64.7952554986155,1.896568298339844,50.370000000000005,40.467571240595646,,5410.0,3046.3603949606427,53861.0,1383.196090980873
16055001300,2.587060227,Kootenai,0.2795,0.777,0.7347,0.8996,0.824,55.73862455466567,1.896568298339844,49.59000000000003,39.496127866206606,,3302.0,2998.920468372602,35537.0,1276.3521952595038
16055001400,6.654185404,Kootenai,0.3297,0.451,0.81,0.2724,0.462,30.38672493127892,1.896568298339844,47.47000000000003,29.63008042557716,,2318.0,3787.4619127480582,25723.0,348.35218126122413
16055001500,1.655444419,Kootenai,0.2329,0.448,0.3189,0.7813,0.537,84.4551604430217,1.896568298339844,48.07000000000005,36.98805172911787,,2696.0,3051.3903761349143,29912.0,1628.5657005800083
16055001600,3.089639575,Kootenai,0.4695,0.584,0.7025,0.3369,0.702,58.14638742294838,0.0,46.150000000000034,32.13033241832088,,2173.0,3591.9097904229347,24493.0,703.3182826835068
16055001700,95.44963693,Kootenai,0.1146,0.114,0.2867,0.1648,0.243,87.95617725223667,1.896568298339844,49.33000000000004,30.39485703996496,,3574.0,2495.7700825457173,35606.0,37.44383022243519
16055001800,104.0193177,Kootenai,0.301,0.05,0.0681,0.1935,0.071,83.75713781596313,1.896568298339844,49.450000000000045,28.55275149130525,,6908.0,2351.7972582157854,58484.0,66.41074131944627
16055001900,1384.453599,Kootenai,0.0322,0.358,0.6308,0.4516,0.494,93.7724723210574,0.0,44.75000000000006,27.63478560898568,,2222.0,1779.5789528420048,22641.0,1.6049653102169443
16055002000,264.40374380000003,Kootenai,0.1433,0.021,0.0501,0.1111,0.229,84.19643173339124,1.896568298339844,48.07000000000005,29.723031695837648,,2699.0,2089.970866800434,26103.0,10.207873614836462
16055002100,441.2440857,Kootenai,0.663,0.623,0.1684,0.7275,0.756,54.79485560156351,0.0,63.610000000000014,33.03755075996711,,1886.0,1852.6706542375125,18838.0,4.274278253515864
16057005100,44.94026139,Latah,0.5089,0.634,0.8924,0.0107,0.917,23.310567939637256,0.0,49.93000000000001,36.979369385208415,,7209.0,2137.6265319534464,114746.0,160.41295215083304
16057005200,79.22504952,Latah,0.3082,0.207,0.5197,0.0824,0.297,62.19493327568419,0.0,49.93000000000001,33.245855256467266,,6218.0,1793.2186607292488,103346.0,78.48527754381895
16057005300,65.73275381,Latah,0.172,0.301,0.7168,0.0215,0.577,33.05012358370878,0.0,49.13000000000005,36.43308686538767,,6115.0,1793.1744449902517,104477.0,93.02820352963391
16057005400,59.79155012,Latah,0.6594,0.745,0.982,0.0143,1.0,24.98538866041752,0.0,51.71000000000004,36.1738844607049,,6270.0,2044.5919426423677,107256.0,104.86431590109775
16057005500,1008.323292,Latah,0.1146,0.283,0.491,0.362,0.491,75.19959635155872,0.0,62.670000000000016,31.366771240922176,,3665.0,1661.003648591402,43520.0,3.634746939873328
16057005600,934.8030066,Latah,0.2544,0.218,0.0896,0.387,0.53,83.24057099353637,0.0,50.59000000000003,31.061389424677,,3414.0,1488.01103907345,46204.0,3.652106353847921
16057005700,595.3558472000001,Latah,0.043,0.157,0.3476,0.3189,0.318,41.37892310757211,0.0,54.13000000000005,35.72678745793977,,2831.0,1455.2580624715245,47796.0,4.75513932266625
16059980100,5151.305376,Lemhi,0.129,0.426,0.1792,0.7956,0.709,65.25818418796328,0.0,59.27000000000004,30.560522281838,,2474.0,1247.099284106071,50880.0,0.4802666158225444
16059980200,1231.659444,Lemhi,0.1075,0.609,0.6021,0.7168,0.849,52.94432971530046,0.0,58.53000000000003,34.99956068105133,,2972.0,1386.0362479402922,62184.0,2.413004677939205
16059980300,5451.682292,Lemhi,0.0716,0.405,0.2293,0.5519,0.881,33.17288456535895,0.0,69.53000000000003,36.11222628479944,,2419.0,1196.3043432503828,42299.0,0.4437162458182366
16061950100,63.96607637,Lewis,0.5806,0.763,0.448,0.9103,0.784,47.26240129172847,0.0,54.73000000000002,38.00184101604065,,1696.0,1839.96847958152,56434.0,26.514053952438797
16061950200,948.5659189,Lewis,0.2293,0.204,0.1039,0.4767,0.379,47.00850473093455,0.0,53.43000000000001,36.33141277903109,,2040.0,1452.9104024069225,12250.0,2.150614901245531
16061950300,230.4374698,Lewis,0.2078,0.24,0.2688,0.4014,0.448,65.21725663310119,0.0,58.670000000000016,36.22477595753466,,36.0,1319.2041070132964,52.0,0.1562245932974568
16063950100,3122.824357,Lincoln,0.8351,0.838,0.7706,0.5376,0.749,9.162297038081254,0.0,66.63000000000005,49.916163848314646,,4384.0,1761.4866936645365,150304.0,1.4038573735897115
16065950100,255.7142984,Madison,0.4516,0.154,0.0967,0.1469,0.326,55.19624989717498,0.0,61.450000000000045,39.51002007640644,,5213.0,2192.0942889547423,80008.0,20.38603250822364
16065950200,4.534926906000001,Madison,0.5519,0.842,0.9784,0.534,0.835,33.73966441054019,0.0,49.150000000000034,37.78249812009808,,2674.0,2476.3136552182755,41964.0,589.645666937239
16065950301,0.964447568,Madison,0.1505,0.544,0.9856,0.0,0.96,52.48591844426818,0.0,50.410000000000025,41.00480100656517,,4615.0,2605.417844973231,61627.0,4785.122751224564
16065950302,8.99989388,Madison,0.2007,0.577,0.9892,0.0071,0.992,46.6709641928159,0.0,50.85000000000002,37.94165853577966,,8571.0,2790.113309086234,124657.0,952.3445625338862
16065950400,773.3973889,Madison,0.3082,0.494,0.8673,0.0681,0.713,57.93501824199214,0.0,56.31,34.56080740505496,,5049.0,1333.638578263936,62664.0,6.528338564966158
16065950500,182.3060951,Madison,0.4551,0.415,0.4193,0.172,0.716,74.31246625639099,0.0,57.650000000000034,33.72214274936884,,4208.0,2504.019073619578,70664.0,23.08205876326732
16067980100,317.377472,Minidoka,0.9068,0.591,0.129,0.7347,0.455,54.2855477601078,0.0,63.110000000000014,37.346195651399015,,3423.0,2192.0339229764004,78637.0,10.78526455715168
16067980200,93.16359808,Minidoka,0.8745,0.655,0.4587,0.5232,0.519,66.61319490021017,2.4670372009277344,52.13000000000005,35.182746628790625,,5441.0,3148.0717241755374,118140.0,58.40263914375429
16067980300,1465.392897,Minidoka,0.9784,0.659,0.62,0.3154,0.476,21.47703613378592,0.0,67.29000000000002,45.645877546948,,2902.0,1774.9995393927843,74169.0,1.980356262092623
16067980400,20.12362584,Minidoka,0.9605,0.964,0.6917,0.9892,0.878,66.65314361851242,0.0,49.13000000000005,36.212405878300586,,4375.0,3759.3738054279393,113743.0,217.40614910975705
16067980500,80.0505776,Minidoka,0.9569,0.989,0.9211,0.9175,0.924,76.64440506656665,0.0,49.13000000000005,35.48319905290417,,4053.0,3381.621161950562,106182.0,50.63049039136477
16069990100,1068.440544,Nez Perce,0.6164,0.752,0.3655,0.8602,0.838,33.65498233948259,0.0,60.370000000000005,37.85484052933125,,4465.0,1446.1214922191357,106951.0,4.178987801496233
16069990200,152.1413685,Nez Perce,0.0967,0.103,0.0394,0.3082,0.329,33.776283372902164,0.0,53.93000000000001,37.04089029375148,,333.0,1408.032057773495,7173.0,2.1887538102432678
16069990300,176.9570553,Nez Perce,0.5412,0.856,0.7741,0.7885,0.86,8.211697002813136,0.0998249053955078,61.71000000000004,41.02335910719426,,4740.0,1841.990865189613,126292.0,26.78616002037416
16069990400,2.756100843,Nez Perce,0.1577,0.308,0.4767,0.5842,0.301,51.73111069885776,0.0998249053955078,53.610000000000014,41.74065887975467,,3201.0,2942.300467375926,103230.0,1161.4233957113593
16069990500,4.323894986,Nez Perce,0.215,0.297,0.6272,0.4838,0.161,47.66892455048824,0.0998249053955078,54.49000000000001,42.90851440524344,,3513.0,2474.8870743382417,117380.0,812.4619148648306
16069990600,6.562918773,Nez Perce,0.3046,0.652,0.7849,0.9247,0.358,33.504684391162805,0.0998249053955078,54.79000000000002,43.56789937452451,,4649.0,2360.3947168844425,125224.0,708.3738441386923
16069990700,779.5043132999999,Nez Perce,0.2508,0.354,0.8458,0.3476,0.157,34.47676037275394,0.0998249053955078,59.81,38.92033968805362,,5195.0,1433.4711456075538,150234.0,6.664491666514555
16069990800,7.742017786,Nez Perce,0.1827,0.078,0.0645,0.2508,0.218,38.86862180958699,0.0,57.83000000000004,44.101873216846464,,3784.0,2214.484739741035,98154.0,488.7614707941721
16069990900,2.916080184,Nez Perce,0.0035,0.465,0.6774,0.8924,0.34,64.61803551576868,0.0,54.59000000000003,42.76999670266562,,3067.0,2059.9414653843223,73741.0,1051.7543436658807
16069991000,17.07224972,Nez Perce,0.1218,0.043,0.0752,0.1971,0.193,30.855608084037776,0.0998249053955078,59.81,42.80221169387921,,5138.0,2187.7302555115675,123875.0,300.95623507550243
16071960100,3112.054381,Oneida,0.1899,0.444,0.3727,0.663,0.641,13.002209036168674,0.0,64.99000000000001,44.258732970449365,,4178.0,1385.9958254677035,126918.0,1.3425215271005253
16073940300,588.4258668,Owyhee,0.5053,0.612,0.2437,0.5555,0.996,10.548756393505682,0.0,64.87,45.82133499537947,,340.0,1395.6869175984507,4542.0,0.5778128039288976
16073950101,119.207963,Owyhee,0.982,0.985,0.8602,0.9749,0.874,65.6629351203541,0.0,60.77000000000004,40.38791554879408,,4109.0,2557.567294154996,162185.0,34.46917384201926
16073950102,135.6274641,Owyhee,0.9677,0.924,0.7311,0.7025,0.867,56.57447826485678,0.0,63.21000000000004,40.99272010819677,,3109.0,2469.695700594073,108999.0,22.92308582653799
16073950200,19091.318674,Owyhee,0.8673,0.713,0.5448,0.4336,0.724,5.31034047978678,0.0,69.21000000000004,48.4655726286547,,3378.0,1424.8170770000115,134391.0,0.1769390610298918
16075980100,599.6982162999999,Payette,0.7777,0.706,0.8136,0.6093,0.365,7.342423229393916,0.0,69.89000000000004,50.40010791762828,,6060.0,1907.7657250675416,275044.0,10.105082582017346
16075980200,33.84110299,Payette,0.6881,0.906,0.8351,0.9677,0.695,66.05380742848287,2.914514541625977,57.29000000000002,39.7260786934616,,3188.0,3424.9501350845694,139439.0,94.2049672831896
16075980300,193.5658107,Payette,0.8243,0.698,0.4551,0.9569,0.322,36.65426983423142,2.914514541625977,66.41000000000003,44.9536807113248,,7477.0,2559.9604274345875,338663.0,38.62768932674948
16075980400,234.697786,Payette,0.6487,0.788,0.5519,0.6881,0.885,38.31148917192733,0.0,65.95000000000005,44.52497607315456,,4517.0,2460.829721856286,188050.0,19.246027314463035
16077980100,2274.472791,Power,0.6415,0.508,0.387,0.2759,0.706,15.417582207761082,1.728008270263672,61.910000000000025,42.62612588118267,,1608.0,1364.6438696769023,45351.0,0.7069770218236038
16077980200,1461.648633,Power,0.9498,0.935,0.9068,0.8566,0.63,16.441629370985357,0.0,65.67000000000002,44.7727641110896,,6036.0,1771.5688702273865,168134.0,4.129583446885761
16079960200,6273.407207,Shoshone,0.0645,0.473,0.5985,0.681,0.591,99.43869687418616,0.0,45.650000000000034,26.659635681637862,,4416.0,1410.9981914022542,42514.0,0.7039236979663195
16079960300,188.9368668,Shoshone,0.2222,0.767,0.8494,0.9784,0.684,94.012746163478,0.0,48.55000000000001,28.644645793041967,,3943.0,2067.33325160634,26232.0,20.869405038741757
16079960400,362.0378033,Shoshone,0.2688,0.641,0.6594,0.8745,0.548,97.1598673564895,0.0,43.81,27.2665548735094,,5137.0,1751.649596321781,19032.0,14.189125978491427
16081960100,1167.021381,Teton,0.7562,0.362,0.5053,0.1863,0.2,70.94310005026998,0.0,56.25000000000006,33.79179962315359,,7055.0,1430.2442025241028,32961.0,6.045304837478381
16083980100,1714.113969,Twin Falls,0.8853,0.39,0.4157,0.0394,0.369,10.859907551594052,0.0,65.15000000000003,47.36916690894712,,322.0,1416.8360661371526,12782.0,0.1878521532543441
16083980200,2134.154149,Twin Falls,0.7562,0.526,0.258,0.5591,0.473,11.076585583361569,0.0,65.53000000000003,46.67352213277185,,2046.0,1415.4329093919066,39296.0,0.958693635583303
16083980300,383.4129372,Twin Falls,0.7526,0.412,0.2616,0.5304,0.211,67.05765732954255,0.0,62.85000000000002,38.51396095632099,,4713.0,1931.666604476128,155759.0,12.29222997642762
16083980400,10.57128085,Twin Falls,0.8781,0.931,0.7885,0.9964,0.627,77.26890864705948,0.0,49.31,38.61087993313016,,3759.0,2436.075340329342,113109.0,355.586049915607
16083980500,184.0924123,Twin Falls,0.5412,0.397,0.2795,0.6021,0.293,75.52921870109176,0.0,52.150000000000034,35.94560795329598,,4888.0,2247.0696778147694,158233.0,26.551881953909295
16083980600,110.3880097,Twin Falls,0.5268,0.172,0.1469,0.2437,0.204,61.43500554003808,0.0,57.51000000000005,38.0278141192136,,2690.0,2408.284018708314,79372.0,24.36858864754041
16083980700,44.6992859,Twin Falls,0.4731,0.605,0.6738,0.8351,0.283,66.0690497874191,0.927414894104004,53.25000000000006,38.28657532119659,,9632.0,2569.818915166762,390792.0,215.4844267881246
16083980800,5.140867366,Twin Falls,0.6738,0.903,0.6989,0.9534,0.856,65.90906908928133,0.927414894104004,52.63000000000005,41.82664011899966,,5428.0,2527.391374232081,224645.0,1055.8529550672713
16083980900,18.76065107,Twin Falls,0.3584,0.387,0.5376,0.7598,0.043,62.56010331768788,0.927414894104004,54.93000000000001,41.90678916958414,,9537.0,2670.727128145252,360370.0,508.35122749287393
16083981000,10.36826052,Twin Falls,0.4982,0.637,0.4516,0.7849,0.602,50.29737076416464,0.927414894104004,54.79000000000002,42.33112663814107,,7733.0,2404.5853672765934,291251.0,745.8338826540212
16083981100,2.2475134330000004,Twin Falls,0.7419,0.91,0.9462,0.6344,0.892,31.64821929715072,0.927414894104004,54.79000000000002,43.49006459075795,,3186.0,2486.7382971252373,119811.0,1417.5666108243454
16083981200,14.36972868,Twin Falls,0.9103,0.982,0.9318,0.9103,0.913,64.35645713250132,0.927414894104004,52.110000000000014,38.82868278084102,,6741.0,2355.601185098237,227992.0,469.1111537396126
16083981300,142.163237,Twin Falls,0.5627,0.48,0.4874,0.6451,0.25,70.98197794632523,0.0,54.99000000000001,36.35878134159686,,6452.0,2270.816173353701,134028.0,45.38444773876385
16083981400,220.0527657,Twin Falls,0.9856,0.677,0.5268,0.2258,0.72,54.909610889287386,0.0,55.670000000000016,34.3640154054842,,1019.0,1731.4222433839277,23792.0,4.630707533979429
16085970100,7474.483287,Valley,0.1433,0.347,0.4408,0.7455,0.268,71.44877359291736,0.0,59.190000000000055,29.789918373681097,,2204.0,1274.015211119235,10662.0,0.2948698813513047
16085970200,862.4056409,Valley,0.344,0.211,0.5089,0.2078,0.189,78.78376173221177,0.0,55.53000000000003,27.63063720333052,,2195.0,1347.0273150297185,8803.0,2.545205986488348
16085970300,1332.707971,Valley,0.0537,0.032,0.3118,0.043,0.139,82.05196802748256,0.0,55.410000000000025,29.315760881152222,,3870.0,1456.054210949186,21393.0,2.9038619744250034
16087970100,2449.201064,Washington,0.1863,0.29,0.2222,0.4695,0.598,22.812259312076275,0.0,64.05000000000001,44.10602899849653,,1635.0,1522.8132078702283,64684.0,0.6675646291487974
16087970200,493.2259515,Washington,0.81,0.863,0.9534,0.853,0.351,11.524358428423632,0.0,64.47000000000003,47.70881470587673,,3844.0,1950.2771839292056,179432.0,7.793588290132783
16087970300,873.8604396000001,Washington,0.9032,0.845,0.7634,0.5017,0.752,13.983384148352291,0.0,64.75000000000006,44.91642146793976,,4603.0,1650.6034691885357,216191.0,5.267431492958958
